anger,anticipation,disgust,fear,joy,sadness,surprise,trust,positive,negative
0.0,0.0,0.0,0.0,0.0,0.0,0.0,0.0,0.0,0.0
0.0,0.05714285714285714,0.0,0.0,0.02857142857142857,0.0,0.0,0.0,0.08571428571428572,0.0
0.0,0.0,0.0,0.0,0.0,0.0,0.0,0.0,0.0,0.0
0.0,0.1,0.0,0.0,0.1,0.0,0.1,0.1,0.2,0.0
0.0,0.0,0.0,0.0,0.0,0.0,0.0,0.0,0.3333333333333333,0.0
0.0,0.0,0.0,0.0,0.0,0.0,0.0,0.0,0.0,0.0
0.0,0.0,0.0,0.0,0.0,0.0,0.0,0.16666666666666666,0.16666666666666666,0.0
0.0,0.0,0.0,0.0,0.0,0.0,0.0,0.0,0.09090909090909091,0.0
0.0,0.037037037037037035,0.0,0.0,0.07407407407407407,0.0,0.037037037037037035,0.1111111111111111,0.1111111111111111,0.0
0.0,0.0,0.0,0.0,0.0,0.0,0.0,0.0,0.0,0.0
0.0,0.0,0.0,0.0,0.25,0.0,0.0,0.0,0.25,0.0
0.0,0.0,0.0,0.0,0.0,0.0,0.0,0.0,0.0,0.0
0.0,0.0,0.0,0.0,0.0,0.0,0.0,0.0,0.0,0.0
0.0,0.0,0.0,0.0,0.0,0.0,0.0,0.0,0.0,0.0
0.0,0.0,0.0,0.0,0.0,0.0,0.0,0.0,0.0,0.0
0.0,0.0,0.0,0.0,0.0,0.0,0.0,0.0,0.0,0.0
0.0,0.0,0.0,0.0,0.0,0.0,0.0,0.0,0.0,0.06976744186046512
0.0,0.0,0.0,0.0,0.0,0.0,0.0,0.0,0.0,0.0
0.0,0.0,0.0,0.0,0.0,0.0,0.0,0.0,0.045454545454545456,0.045454545454545456
0.0,0.0,0.0,0.0,0.0,0.0,0.0,0.0,0.0,0.0
0.0,0.058823529411764705,0.0196078431372549,0.0,0.058823529411764705,0.0196078431372549,0.0392156862745098,0.0392156862745098,0.058823529411764705,0.0196078431372549
0.0,0.0,0.0,0.0,0.0,0.0,0.0,0.0,0.0,0.0
0.0,0.10526315789473684,0.0,0.0,0.10526315789473684,0.0,0.05263157894736842,0.10526315789473684,0.10526315789473684,0.0
0.0,0.037037037037037035,0.0,0.037037037037037035,0.037037037037037035,0.0,0.037037037037037035,0.037037037037037035,0.037037037037037035,0.07407407407407407
0.0,0.0,0.0,0.0,0.0,0.0,0.0,0.0,0.0,0.0
0.0,0.09523809523809523,0.0,0.0,0.047619047619047616,0.0,0.023809523809523808,0.047619047619047616,0.047619047619047616,0.0
0.00818926296633303,0.03184713375796178,0.00818926296633303,0.014558689717925387,0.017288444040036398,0.009099181073703366,0.01091901728844404,0.030937215650591446,0.050955414012738856,0.01910828025477707
0.0,0.1,0.0,0.0,0.1,0.0,0.1,0.1,0.1,0.0
0.0,0.09090909090909091,0.0,0.0,0.09090909090909091,0.0,0.0,0.0,0.18181818181818182,0.0
0.022058823529411766,0.03676470588235294,0.014705882352941176,0.03676470588235294,0.051470588235294115,0.014705882352941176,0.03676470588235294,0.051470588235294115,0.07352941176470588,0.007352941176470588
0.0,0.030303030303030304,0.0,0.0,0.015151515151515152,0.0,0.0,0.015151515151515152,0.015151515151515152,0.015151515151515152
0.0,0.0,0.0,0.0,0.0,0.0,0.0,0.0,0.0,0.0
0.0,0.018018018018018018,0.0,0.018018018018018018,0.0,0.018018018018018018,0.009009009009009009,0.009009009009009009,0.018018018018018018,0.036036036036036036
0.0,0.0,0.0,0.0,0.0,0.0,0.0,0.0,0.0,0.0
0.01910828025477707,0.050955414012738856,0.012738853503184714,0.006369426751592357,0.07006369426751592,0.012738853503184714,0.044585987261146494,0.05732484076433121,0.10191082802547771,0.01910828025477707
0.0,0.125,0.0,0.0,0.0,0.0,0.0,0.0,0.0,0.125
0.0,0.0,0.0,0.0,0.0,0.0,0.0,0.0,0.0,0.0
0.0,0.0,0.0,0.0196078431372549,0.0,0.0196078431372549,0.0,0.0196078431372549,0.0196078431372549,0.0196078431372549
0.023809523809523808,0.07142857142857142,0.0,0.023809523809523808,0.047619047619047616,0.0,0.0,0.023809523809523808,0.047619047619047616,0.047619047619047616
0.0,0.0,0.0,0.0,0.0,0.0,0.0,0.0,0.0,0.0
0.0,0.0,0.0,0.0,0.0,0.0,0.0,0.0,0.0,0.0
0.0,0.0625,0.015625,0.03125,0.0625,0.03125,0.03125,0.046875,0.078125,0.0625
0.0,0.08333333333333333,0.0,0.0,0.08333333333333333,0.0,0.0,0.08333333333333333,0.08333333333333333,0.0
0.0,0.0392156862745098,0.0,0.0,0.0196078431372549,0.0,0.0196078431372549,0.058823529411764705,0.0392156862745098,0.0
0.0,0.0,0.0,0.0,0.0,0.0,0.0,0.0,0.030303030303030304,0.0
0.0,0.0,0.0,0.0,0.0,0.0,0.0,0.0,0.0,0.0
0.0,0.1,0.0,0.0,0.0,0.0,0.0,0.0,0.0,0.1
0.14285714285714285,0.0,0.14285714285714285,0.0,0.0,0.0,0.0,0.14285714285714285,0.14285714285714285,0.14285714285714285
0.0,0.037037037037037035,0.0,0.0,0.0,0.0,0.0,0.0,0.0,0.0
0.0,0.0,0.02702702702702703,0.0,0.0,0.0,0.0,0.0,0.0,0.02702702702702703
0.0,0.0375,0.0,0.0125,0.0,0.0125,0.0,0.0,0.025,0.025
0.028169014084507043,0.04225352112676056,0.028169014084507043,0.04225352112676056,0.04225352112676056,0.028169014084507043,0.0,0.04225352112676056,0.11267605633802817,0.014084507042253521
0.015527950310559006,0.015527950310559006,0.015527950310559006,0.012422360248447204,0.012422360248447204,0.015527950310559006,0.009316770186335404,0.024844720496894408,0.040372670807453416,0.024844720496894408
0.0,0.03636363636363636,0.0,0.02727272727272727,0.02727272727272727,0.02727272727272727,0.01818181818181818,0.02727272727272727,0.03636363636363636,0.02727272727272727
0.03571428571428571,0.03571428571428571,0.03571428571428571,0.0,0.0,0.03571428571428571,0.03571428571428571,0.03571428571428571,0.03571428571428571,0.03571428571428571
0.0,0.0,0.0,0.0,0.0,0.0,0.0,0.0,0.0,0.0
0.0,0.19230769230769232,0.0,0.0,0.15384615384615385,0.0,0.11538461538461539,0.11538461538461539,0.2692307692307692,0.0
0.0,0.0,0.0,0.0,0.0,0.0,0.0,0.0,0.0625,0.0
0.0,0.0,0.0,0.0,0.0,0.0,0.0,0.0,0.0,0.0
0.0,0.0,0.0,0.0,0.0,0.0,0.0,0.0,0.0,0.0
0.0,0.06521739130434782,0.0,0.0,0.06521739130434782,0.0,0.021739130434782608,0.043478260869565216,0.06521739130434782,0.0
0.0,0.5,0.0,0.0,0.5,0.0,0.5,0.5,0.5,0.0
0.0,0.03225806451612903,0.0,0.0,0.03225806451612903,0.0,0.03225806451612903,0.0,0.03225806451612903,0.0
0.0,0.046511627906976744,0.0,0.0,0.046511627906976744,0.0,0.0,0.0,0.06976744186046512,0.023255813953488372
0.0,0.0,0.0,0.0,0.0,0.0,0.0,0.025,0.025,0.0
0.03636363636363636,0.01818181818181818,0.0,0.09090909090909091,0.03636363636363636,0.05454545454545454,0.0,0.03636363636363636,0.03636363636363636,0.07272727272727272
0.018518518518518517,0.037037037037037035,0.0,0.05555555555555555,0.037037037037037035,0.018518518518518517,0.037037037037037035,0.05555555555555555,0.07407407407407407,0.05555555555555555
0.0,0.027777777777777776,0.0,0.0,0.027777777777777776,0.0,0.0,0.027777777777777776,0.08333333333333333,0.0
0.0,0.09090909090909091,0.0,0.0,0.09090909090909091,0.0,0.0,0.09090909090909091,0.18181818181818182,0.09090909090909091
0.0,0.06666666666666667,0.0,0.0,0.0,0.0,0.0,0.0,0.06666666666666667,0.0
0.0,0.0,0.034482758620689655,0.0,0.0,0.017241379310344827,0.0,0.05172413793103448,0.034482758620689655,0.034482758620689655
0.0,0.0,1.0,1.0,0.0,1.0,0.0,0.0,0.0,1.0
0.0,0.016194331983805668,0.004048582995951417,0.0,0.012145748987854251,0.004048582995951417,0.008097165991902834,0.012145748987854251,0.044534412955465584,0.020242914979757085
0.0,0.0,0.0,0.0,0.0,0.0,0.0,0.0,0.0,0.0
0.0,0.0,0.0,0.0,0.0,0.0,0.0,0.25,0.25,0.0
0.0,0.07547169811320754,0.0,0.0,0.03773584905660377,0.0,0.018867924528301886,0.03773584905660377,0.05660377358490566,0.0
0.013333333333333334,0.013333333333333334,0.013333333333333334,0.013333333333333334,0.013333333333333334,0.02666666666666667,0.013333333333333334,0.02666666666666667,0.05333333333333334,0.013333333333333334
0.0,0.0,0.0,0.0,0.0,0.0,0.0,0.0,0.0,0.0
0.0,0.047619047619047616,0.047619047619047616,0.09523809523809523,0.047619047619047616,0.09523809523809523,0.0,0.047619047619047616,0.09523809523809523,0.09523809523809523
0.0,0.058823529411764705,0.0,0.0,0.058823529411764705,0.0,0.058823529411764705,0.058823529411764705,0.11764705882352941,0.0
0.0,0.0,0.0,0.0,0.0,0.0,0.0,0.0,0.0,0.0
0.0,0.05555555555555555,0.0,0.027777777777777776,0.05555555555555555,0.0,0.027777777777777776,0.027777777777777776,0.05555555555555555,0.0
0.0,0.0,0.0,0.06666666666666667,0.0,0.0,0.0,0.0,0.0,0.06666666666666667
0.0,0.0,0.0,0.0,0.2,0.0,0.0,0.0,0.2,0.0
0.0,0.0,0.0,0.0,0.0,0.0,0.0,0.0,0.06666666666666667,0.0
0.0,0.03636363636363636,0.03636363636363636,0.03636363636363636,0.03636363636363636,0.01818181818181818,0.03636363636363636,0.05454545454545454,0.09090909090909091,0.05454545454545454
0.031746031746031744,0.047619047619047616,0.015873015873015872,0.031746031746031744,0.047619047619047616,0.047619047619047616,0.031746031746031744,0.031746031746031744,0.047619047619047616,0.06349206349206349
0.0,0.06060606060606061,0.0,0.030303030303030304,0.030303030303030304,0.0,0.030303030303030304,0.06060606060606061,0.06060606060606061,0.0
0.0,0.0,0.0,0.0,0.0,0.0,0.0,0.0,0.0,0.0
0.041666666666666664,0.0,0.0,0.0,0.0,0.0,0.0,0.125,0.125,0.041666666666666664
0.0,0.0,0.0,0.0,0.0,0.0,0.0,0.0,0.0,0.0
0.0070921985815602835,0.02127659574468085,0.0035460992907801418,0.0,0.02127659574468085,0.0070921985815602835,0.010638297872340425,0.03546099290780142,0.05319148936170213,0.01773049645390071
0.011764705882352941,0.03529411764705882,0.0,0.011764705882352941,0.023529411764705882,0.011764705882352941,0.03529411764705882,0.03529411764705882,0.058823529411764705,0.011764705882352941
0.0,0.038461538461538464,0.0,0.0,0.038461538461538464,0.0,0.038461538461538464,0.11538461538461539,0.07692307692307693,0.0
0.0,0.0,0.0,0.0,0.0,0.0,0.0,0.0,0.0,0.125
0.0,0.047619047619047616,0.047619047619047616,0.0,0.047619047619047616,0.047619047619047616,0.047619047619047616,0.047619047619047616,0.047619047619047616,0.09523809523809523
0.0,0.16666666666666666,0.0,0.0,0.16666666666666666,0.0,0.0,0.0,0.16666666666666666,0.0
0.0,0.08333333333333333,0.0,0.0,0.08333333333333333,0.0,0.0,0.041666666666666664,0.16666666666666666,0.0
0.0,0.14285714285714285,0.0,0.0,0.14285714285714285,0.0,0.0,0.0,0.14285714285714285,0.0
0.0,0.0,0.0,0.0,0.0,0.0,0.0,0.125,0.125,0.0
0.012295081967213115,0.03278688524590164,0.0,0.004098360655737705,0.040983606557377046,0.004098360655737705,0.012295081967213115,0.036885245901639344,0.0778688524590164,0.020491803278688523
0.014084507042253521,0.04225352112676056,0.014084507042253521,0.023474178403755867,0.018779342723004695,0.014084507042253521,0.0,0.009389671361502348,0.04225352112676056,0.03286384976525822
0.013245033112582781,0.039735099337748346,0.006622516556291391,0.026490066225165563,0.033112582781456956,0.019867549668874173,0.019867549668874173,0.019867549668874173,0.033112582781456956,0.019867549668874173
0.0,0.0,0.0,0.0,0.0,0.0,0.0,0.0,0.0,0.0
0.0,0.0625,0.0,0.0,0.0625,0.0,0.0625,0.0625,0.0625,0.0
0.021505376344086023,0.021505376344086023,0.0,0.021505376344086023,0.010752688172043012,0.021505376344086023,0.010752688172043012,0.043010752688172046,0.043010752688172046,0.053763440860215055
0.045454545454545456,0.0,0.0,0.0,0.0,0.0,0.0,0.0,0.0,0.045454545454545456
0.0,0.05555555555555555,0.0,0.0,0.018518518518518517,0.0,0.0,0.037037037037037035,0.05555555555555555,0.0
0.0,0.0,0.0,0.0,0.0,0.0,0.0,0.0,0.0,0.0
0.045454545454545456,0.13636363636363635,0.045454545454545456,0.09090909090909091,0.13636363636363635,0.045454545454545456,0.09090909090909091,0.18181818181818182,0.18181818181818182,0.09090909090909091
0.011627906976744186,0.03488372093023256,0.011627906976744186,0.011627906976744186,0.023255813953488372,0.011627906976744186,0.011627906976744186,0.011627906976744186,0.023255813953488372,0.03488372093023256
0.0,0.0,0.0,0.0,0.0,0.0,0.0,0.0,0.0,0.0
0.005494505494505495,0.030906593406593408,0.003434065934065934,0.014423076923076924,0.022664835164835164,0.01098901098901099,0.016483516483516484,0.04189560439560439,0.05425824175824176,0.024725274725274724
0.011111111111111112,0.027777777777777776,0.0,0.022222222222222223,0.016666666666666666,0.005555555555555556,0.011111111111111112,0.027777777777777776,0.027777777777777776,0.016666666666666666
0.03333333333333333,0.06666666666666667,0.0,0.03333333333333333,0.03333333333333333,0.03333333333333333,0.06666666666666667,0.03333333333333333,0.06666666666666667,0.03333333333333333
0.0,0.05128205128205128,0.0,0.02564102564102564,0.02564102564102564,0.02564102564102564,0.02564102564102564,0.0,0.02564102564102564,0.02564102564102564
0.022222222222222223,0.06666666666666667,0.022222222222222223,0.06666666666666667,0.06666666666666667,0.022222222222222223,0.022222222222222223,0.044444444444444446,0.06666666666666667,0.044444444444444446
0.0,0.0,0.0,0.0,0.0,0.0,0.0,0.0,0.0,0.0
0.0,0.0,0.0,0.0,0.0,0.0,0.05555555555555555,0.0,0.0,0.0
0.007849293563579277,0.029827315541601257,0.004709576138147566,0.01098901098901099,0.015698587127158554,0.007849293563579277,0.007849293563579277,0.03767660910518053,0.04709576138147567,0.03767660910518053
0.0,0.0,0.0,0.0,0.0,0.0,0.0,0.10526315789473684,0.10526315789473684,0.0
0.0,0.0,0.0,0.0,0.0,0.0,0.0,0.0,0.0,0.0
0.009202453987730062,0.015337423312883436,0.006134969325153374,0.012269938650306749,0.009202453987730062,0.012269938650306749,0.003067484662576687,0.012269938650306749,0.03067484662576687,0.027607361963190184
0.0,0.0,0.0,0.0,0.0,0.0,0.0,0.0,0.0,0.0
0.16666666666666666,0.16666666666666666,0.16666666666666666,0.16666666666666666,0.16666666666666666,0.0,0.16666666666666666,0.16666666666666666,0.16666666666666666,0.16666666666666666
0.005718954248366013,0.022058823529411766,0.004901960784313725,0.010620915032679739,0.012254901960784314,0.007352941176470588,0.010620915032679739,0.027777777777777776,0.029411764705882353,0.017973856209150325
0.0,0.05263157894736842,0.0,0.0,0.10526315789473684,0.0,0.0,0.05263157894736842,0.10526315789473684,0.05263157894736842
0.0,0.058823529411764705,0.0,0.0,0.058823529411764705,0.0,0.0,0.058823529411764705,0.11764705882352941,0.029411764705882353
0.0,0.03125,0.0,0.0,0.0625,0.0,0.0,0.03125,0.0625,0.03125
0.0,0.0,0.0,0.0,0.0,0.0,0.0,0.0,0.125,0.0625
0.14285714285714285,0.14285714285714285,0.0,0.0,0.14285714285714285,0.0,0.14285714285714285,0.2857142857142857,0.2857142857142857,0.0
0.0,0.2,0.0,0.2,0.2,0.0,0.0,0.2,0.2,0.0
0.00974025974025974,0.03571428571428571,0.012987012987012988,0.01948051948051948,0.02922077922077922,0.016233766233766232,0.02922077922077922,0.032467532467532464,0.05844155844155844,0.04220779220779221
0.010869565217391304,0.010869565217391304,0.010869565217391304,0.010869565217391304,0.0,0.010869565217391304,0.010869565217391304,0.010869565217391304,0.0,0.021739130434782608
0.0,0.0,0.1,0.0,0.0,0.0,0.0,0.0,0.1,0.1
0.0,0.0,0.0,0.0,0.0,0.0,0.0,0.0,0.0,0.0
0.0,0.04285714285714286,0.0,0.0,0.02857142857142857,0.0,0.014285714285714285,0.04285714285714286,0.07142857142857142,0.014285714285714285
0.0,0.07272727272727272,0.0,0.0,0.07272727272727272,0.0,0.05454545454545454,0.05454545454545454,0.07272727272727272,0.0
0.0,0.034482758620689655,0.0,0.034482758620689655,0.034482758620689655,0.0,0.0,0.034482758620689655,0.06896551724137931,0.034482758620689655
0.021739130434782608,0.043478260869565216,0.0,0.021739130434782608,0.021739130434782608,0.0,0.0,0.021739130434782608,0.043478260869565216,0.043478260869565216
0.010230179028132993,0.043478260869565216,0.005115089514066497,0.02557544757033248,0.030690537084398978,0.020460358056265986,0.028132992327365727,0.04859335038363171,0.05370843989769821,0.03324808184143223
0.0,0.0,0.0,0.0,0.0,0.0,0.0,0.0,0.0,0.0
0.0,0.0,0.0,0.0,0.0,0.0,0.0,0.0,0.0,0.0
0.014084507042253521,0.02535211267605634,0.005633802816901409,0.01971830985915493,0.016901408450704224,0.005633802816901409,0.014084507042253521,0.028169014084507043,0.04225352112676056,0.02535211267605634
0.003663003663003663,0.018315018315018316,0.0,0.02197802197802198,0.02564102564102564,0.003663003663003663,0.018315018315018316,0.05860805860805861,0.054945054945054944,0.02197802197802198
0.038461538461538464,0.0,0.038461538461538464,0.038461538461538464,0.0,0.038461538461538464,0.0,0.0,0.0,0.07692307692307693
0.0037313432835820895,0.011194029850746268,0.0037313432835820895,0.011194029850746268,0.0037313432835820895,0.011194029850746268,0.011194029850746268,0.018656716417910446,0.05223880597014925,0.041044776119402986
0.0,0.01639344262295082,0.0,0.01639344262295082,0.0,0.03278688524590164,0.01639344262295082,0.0,0.04918032786885246,0.04918032786885246
0.012658227848101266,0.02531645569620253,0.012658227848101266,0.012658227848101266,0.02531645569620253,0.02531645569620253,0.012658227848101266,0.02531645569620253,0.0379746835443038,0.0379746835443038
0.018018018018018018,0.036036036036036036,0.013513513513513514,0.018018018018018018,0.036036036036036036,0.018018018018018018,0.03153153153153153,0.04954954954954955,0.08108108108108109,0.02252252252252252
0.007246376811594203,0.014492753623188406,0.0,0.014492753623188406,0.028985507246376812,0.0,0.007246376811594203,0.014492753623188406,0.057971014492753624,0.021739130434782608
0.006711409395973154,0.013422818791946308,0.006711409395973154,0.020134228187919462,0.020134228187919462,0.020134228187919462,0.013422818791946308,0.020134228187919462,0.04697986577181208,0.026845637583892617
0.0,0.02158273381294964,0.0,0.014388489208633094,0.0,0.0,0.0,0.02877697841726619,0.05755395683453238,0.007194244604316547
0.0,0.0,0.007194244604316547,0.0,0.0,0.0,0.007194244604316547,0.0,0.02158273381294964,0.007194244604316547
0.0,0.0,0.0,0.0,0.0,0.0,0.0,0.0,0.0,0.0
0.0,0.0,0.0,0.0,0.0,0.0,0.0,0.04,0.04,0.04
0.0,0.0,0.0,0.0,0.0,0.0,0.0,0.0,0.0,0.0
0.014084507042253521,0.014084507042253521,0.0,0.028169014084507043,0.014084507042253521,0.028169014084507043,0.014084507042253521,0.0,0.028169014084507043,0.04225352112676056
0.018867924528301886,0.018867924528301886,0.014150943396226415,0.018867924528301886,0.014150943396226415,0.009433962264150943,0.0,0.02830188679245283,0.02358490566037736,0.03773584905660377
0.0,0.10344827586206896,0.0,0.034482758620689655,0.10344827586206896,0.0,0.06896551724137931,0.10344827586206896,0.13793103448275862,0.0
0.0,0.125,0.0,0.0,0.125,0.0,0.0,0.0,0.125,0.0
0.0,0.0196078431372549,0.0,0.0,0.0196078431372549,0.0,0.00980392156862745,0.0392156862745098,0.029411764705882353,0.00980392156862745
0.02040816326530612,0.027210884353741496,0.013605442176870748,0.02040816326530612,0.02040816326530612,0.02040816326530612,0.006802721088435374,0.027210884353741496,0.027210884353741496,0.034013605442176874
0.0,0.0,0.0,0.0,0.125,0.0,0.0,0.0,0.25,0.0
0.0,0.3333333333333333,0.0,0.0,0.3333333333333333,0.0,0.0,0.0,0.3333333333333333,0.0
0.014492753623188406,0.028985507246376812,0.014492753623188406,0.028985507246376812,0.014492753623188406,0.0,0.014492753623188406,0.014492753623188406,0.028985507246376812,0.028985507246376812
0.0,0.0,0.0,0.0,0.0,0.0,0.0,1.0,1.0,0.0
0.14285714285714285,0.0,0.14285714285714285,0.14285714285714285,0.0,0.14285714285714285,0.0,0.0,0.0,0.14285714285714285
0.0,0.18181818181818182,0.0,0.0,0.09090909090909091,0.0,0.0,0.09090909090909091,0.09090909090909091,0.09090909090909091
0.0,0.06060606060606061,0.0,0.015151515151515152,0.045454545454545456,0.0,0.0,0.030303030303030304,0.045454545454545456,0.0
0.007936507936507936,0.03571428571428571,0.003968253968253968,0.01984126984126984,0.03571428571428571,0.015873015873015872,0.015873015873015872,0.03571428571428571,0.05952380952380952,0.027777777777777776
0.0,0.11,0.0,0.01,0.11,0.0,0.07,0.13,0.18,0.0
0.2,0.0,0.0,0.2,0.0,0.0,0.0,0.0,0.0,0.5
0.0,0.0,0.0,0.0,0.0,0.0,0.0,0.0,0.0,0.02857142857142857
0.0,0.0,0.0,0.0,0.0,0.0,0.0,0.0,0.0,0.25
0.0,0.5,0.0,0.0,0.5,0.0,0.0,0.0,0.5,0.0
0.006514657980456026,0.03257328990228013,0.006514657980456026,0.009771986970684038,0.026058631921824105,0.013029315960912053,0.019543973941368076,0.04234527687296417,0.03908794788273615,0.016286644951140065
0.0,0.0,0.0,0.0,0.0,0.0,0.0,0.0,0.0,0.0
0.0,0.014084507042253521,0.0,0.0,0.014084507042253521,0.014084507042253521,0.0,0.0,0.014084507042253521,0.014084507042253521
0.0028011204481792717,0.022408963585434174,0.008403361344537815,0.01680672268907563,0.01680672268907563,0.008403361344537815,0.008403361344537815,0.01680672268907563,0.058823529411764705,0.022408963585434174
0.0,0.25,0.0,0.0,0.0,0.0,0.0,0.0,0.25,0.0
0.0625,0.0,0.03125,0.0625,0.0,0.0625,0.03125,0.0,0.0,0.0625
0.011594202898550725,0.02463768115942029,0.014492753623188406,0.01884057971014493,0.014492753623188406,0.014492753623188406,0.011594202898550725,0.030434782608695653,0.05217391304347826,0.04782608695652174
0.011494252873563218,0.05747126436781609,0.0,0.011494252873563218,0.05747126436781609,0.0,0.022988505747126436,0.05747126436781609,0.09195402298850575,0.022988505747126436
0.0,0.02888086642599278,0.0,0.007220216606498195,0.018050541516245487,0.0036101083032490976,0.007220216606498195,0.01444043321299639,0.04693140794223827,0.01444043321299639
0.03571428571428571,0.10714285714285714,0.0,0.0,0.03571428571428571,0.0,0.03571428571428571,0.03571428571428571,0.03571428571428571,0.03571428571428571
0.0,0.014285714285714285,0.0,0.0,0.02857142857142857,0.014285714285714285,0.04285714285714286,0.02857142857142857,0.07142857142857142,0.05714285714285714
0.006904487917146145,0.01611047180667434,0.004602991944764097,0.012658227848101266,0.014959723820483314,0.010356731875719217,0.005753739930955121,0.024165707710011506,0.04027617951668585,0.014959723820483314
0.0,0.016129032258064516,0.0,0.0,0.016129032258064516,0.0,0.0,0.03225806451612903,0.03225806451612903,0.03225806451612903
0.041666666666666664,0.027777777777777776,0.041666666666666664,0.013888888888888888,0.0,0.041666666666666664,0.0,0.013888888888888888,0.013888888888888888,0.1111111111111111
0.007389162561576354,0.029556650246305417,0.009852216748768473,0.012315270935960592,0.019704433497536946,0.017241379310344827,0.014778325123152709,0.022167487684729065,0.046798029556650245,0.019704433497536946
0.0,0.08333333333333333,0.0,0.0,0.08333333333333333,0.0,0.08333333333333333,0.16666666666666666,0.16666666666666666,0.0
0.1111111111111111,0.1111111111111111,0.1111111111111111,0.1111111111111111,0.1111111111111111,0.1111111111111111,0.0,0.0,0.1111111111111111,0.1111111111111111
0.0,0.04477611940298507,0.0,0.0,0.04477611940298507,0.0,0.0,0.029850746268656716,0.05970149253731343,0.0
0.0,0.015873015873015872,0.0,0.0,0.0,0.0,0.0,0.026455026455026454,0.037037037037037035,0.0
0.010752688172043012,0.053763440860215055,0.0,0.021505376344086023,0.021505376344086023,0.010752688172043012,0.010752688172043012,0.010752688172043012,0.03225806451612903,0.021505376344086023
0.007142857142857143,0.02857142857142857,0.014285714285714285,0.014285714285714285,0.02857142857142857,0.007142857142857143,0.014285714285714285,0.04285714285714286,0.06428571428571428,0.02142857142857143
0.009345794392523364,0.02336448598130841,0.009345794392523364,0.009345794392523364,0.02336448598130841,0.014018691588785047,0.0,0.02336448598130841,0.04205607476635514,0.014018691588785047
0.0,0.04678362573099415,0.0,0.023391812865497075,0.04093567251461988,0.0,0.023391812865497075,0.05263157894736842,0.07017543859649122,0.017543859649122806
0.00558659217877095,0.01675977653631285,0.0111731843575419,0.0111731843575419,0.0111731843575419,0.0111731843575419,0.0,0.0223463687150838,0.055865921787709494,0.027932960893854747
0.034482758620689655,0.06896551724137931,0.0,0.034482758620689655,0.034482758620689655,0.0,0.0,0.0,0.034482758620689655,0.034482758620689655
0.0,0.0,0.0,0.0,0.0,0.04,0.0,0.0,0.08,0.04
0.09090909090909091,0.09090909090909091,0.09090909090909091,0.18181818181818182,0.09090909090909091,0.18181818181818182,0.0,0.0,0.09090909090909091,0.18181818181818182
0.0,0.3333333333333333,0.0,0.0,0.3333333333333333,0.0,0.0,0.0,0.3333333333333333,0.0
0.018691588785046728,0.028037383177570093,0.009345794392523364,0.018691588785046728,0.018691588785046728,0.009345794392523364,0.018691588785046728,0.018691588785046728,0.037383177570093455,0.056074766355140186
0.0,0.07142857142857142,0.0,0.0,0.07142857142857142,0.0,0.0,0.14285714285714285,0.07142857142857142,0.07142857142857142
0.0,0.02459016393442623,0.0,0.0,0.02459016393442623,0.0,0.01639344262295082,0.01639344262295082,0.05737704918032787,0.0
0.011811023622047244,0.007874015748031496,0.011811023622047244,0.011811023622047244,0.003937007874015748,0.015748031496062992,0.003937007874015748,0.003937007874015748,0.031496062992125984,0.023622047244094488
0.0,0.02857142857142857,0.0,0.0,0.0,0.0,0.0,0.0,0.0,0.0
0.0,0.125,0.0,0.125,0.125,0.0,0.125,0.125,0.125,0.0
0.0044444444444444444,0.015555555555555555,0.006666666666666667,0.011111111111111112,0.008888888888888889,0.008888888888888889,0.0044444444444444444,0.028888888888888888,0.042222222222222223,0.03111111111111111
0.0,1.0,0.0,0.0,1.0,0.0,0.0,0.0,1.0,0.0
0.0,0.25,0.0,0.0,0.25,0.0,0.25,0.25,0.5,0.0
0.013574660633484163,0.04524886877828054,0.0,0.027149321266968326,0.03167420814479638,0.00904977375565611,0.02262443438914027,0.058823529411764705,0.05429864253393665,0.013574660633484163
0.010869565217391304,0.02717391304347826,0.016304347826086956,0.021739130434782608,0.03260869565217391,0.016304347826086956,0.010869565217391304,0.02717391304347826,0.059782608695652176,0.03260869565217391
0.0,0.0,0.0,0.0,0.0,0.0,0.0,0.0,0.0,0.0
0.041237113402061855,0.041237113402061855,0.05154639175257732,0.05154639175257732,0.041237113402061855,0.020618556701030927,0.030927835051546393,0.05154639175257732,0.05154639175257732,0.061855670103092786
0.0,0.0,0.0,0.0,0.0,0.0,0.0,0.05263157894736842,0.0,0.05263157894736842
0.017543859649122806,0.017543859649122806,0.017543859649122806,0.017543859649122806,0.05263157894736842,0.017543859649122806,0.017543859649122806,0.017543859649122806,0.07017543859649122,0.03508771929824561
0.01639344262295082,0.04918032786885246,0.0,0.01639344262295082,0.03278688524590164,0.03278688524590164,0.01639344262295082,0.01639344262295082,0.03278688524590164,0.04918032786885246
0.010638297872340425,0.02127659574468085,0.010638297872340425,0.010638297872340425,0.0,0.010638297872340425,0.0,0.031914893617021274,0.02127659574468085,0.02127659574468085
0.018867924528301886,0.015723270440251572,0.009433962264150943,0.031446540880503145,0.009433962264150943,0.018867924528301886,0.006289308176100629,0.03459119496855346,0.03773584905660377,0.02830188679245283
0.00821917808219178,0.028767123287671233,0.0027397260273972603,0.019178082191780823,0.02054794520547945,0.00684931506849315,0.019178082191780823,0.03424657534246575,0.045205479452054796,0.01780821917808219
0.0,0.016129032258064516,0.0,0.03225806451612903,0.016129032258064516,0.0,0.016129032258064516,0.016129032258064516,0.06451612903225806,0.0
0.0,0.0,0.0,0.0,0.03125,0.0,0.0,0.03125,0.0625,0.0
0.0,0.0,0.0,0.0,0.0,0.0,0.0,0.0,0.5,0.0
0.05,0.075,0.025,0.05,0.075,0.025,0.025,0.05,0.075,0.05
0.0,0.058823529411764705,0.0,0.058823529411764705,0.11764705882352941,0.0,0.0,0.058823529411764705,0.11764705882352941,0.0
0.004048582995951417,0.024291497975708502,0.004048582995951417,0.004048582995951417,0.016194331983805668,0.0,0.016194331983805668,0.016194331983805668,0.032388663967611336,0.024291497975708502
0.0,0.1,0.0,0.0,0.1,0.0,0.0,0.0,0.1,0.0
0.009433962264150943,0.009433962264150943,0.0,0.02830188679245283,0.0,0.0,0.009433962264150943,0.009433962264150943,0.018867924528301886,0.009433962264150943
0.07692307692307693,0.0,0.07692307692307693,0.07692307692307693,0.0,0.07692307692307693,0.0,0.0,0.0,0.15384615384615385
0.0,0.03508771929824561,0.0,0.0,0.017543859649122806,0.0,0.017543859649122806,0.05263157894736842,0.08771929824561403,0.0
0.0625,0.0625,0.0625,0.0625,0.0625,0.0625,0.0,0.0,0.0625,0.0625
0.0,0.0273972602739726,0.0,0.0273972602739726,0.0136986301369863,0.0136986301369863,0.0,0.0,0.0410958904109589,0.0273972602739726
0.0,0.06666666666666667,0.0,0.06666666666666667,0.06666666666666667,0.0,0.06666666666666667,0.06666666666666667,0.06666666666666667,0.0
0.0,0.0,0.0,0.0,0.0,0.0,0.0,0.029411764705882353,0.029411764705882353,0.0
0.0,0.011363636363636364,0.022727272727272728,0.0,0.011363636363636364,0.011363636363636364,0.011363636363636364,0.022727272727272728,0.03409090909090909,0.03409090909090909
0.0,0.03076923076923077,0.0,0.0,0.015384615384615385,0.015384615384615385,0.0,0.015384615384615385,0.046153846153846156,0.03076923076923077
0.0,0.043478260869565216,0.0,0.043478260869565216,0.043478260869565216,0.0,0.043478260869565216,0.043478260869565216,0.043478260869565216,0.043478260869565216
0.0,0.058823529411764705,0.058823529411764705,0.058823529411764705,0.058823529411764705,0.058823529411764705,0.0,0.0,0.11764705882352941,0.058823529411764705
0.0625,0.0625,0.0625,0.0625,0.0625,0.0625,0.0,0.0,0.0625,0.0625
0.0,0.015873015873015872,0.0,0.007936507936507936,0.015873015873015872,0.0,0.0,0.023809523809523808,0.06349206349206349,0.0
0.016129032258064516,0.03225806451612903,0.016129032258064516,0.016129032258064516,0.04838709677419355,0.016129032258064516,0.0,0.04838709677419355,0.0967741935483871,0.016129032258064516
0.0,0.0,0.0,0.0,0.0,0.0,0.0,0.0,0.0,0.0
0.0,0.0,0.0,0.00980392156862745,0.0196078431372549,0.00980392156862745,0.0,0.0196078431372549,0.0392156862745098,0.00980392156862745
0.010638297872340425,0.0425531914893617,0.0,0.0,0.02127659574468085,0.0,0.02127659574468085,0.031914893617021274,0.05319148936170213,0.0425531914893617
0.0021645021645021645,0.012987012987012988,0.004329004329004329,0.010822510822510822,0.006493506493506494,0.004329004329004329,0.0021645021645021645,0.010822510822510822,0.01948051948051948,0.021645021645021644
0.007142857142857143,0.06428571428571428,0.0,0.0,0.05,0.0,0.02857142857142857,0.04285714285714286,0.06428571428571428,0.014285714285714285
0.0,0.0425531914893617,0.0,0.02127659574468085,0.0425531914893617,0.0,0.0,0.0425531914893617,0.0425531914893617,0.0
0.009433962264150943,0.018867924528301886,0.0047169811320754715,0.018867924528301886,0.02358490566037736,0.009433962264150943,0.009433962264150943,0.018867924528301886,0.06132075471698113,0.04245283018867924
0.0,0.1,0.0,0.0,0.05,0.0,0.0,0.0,0.1,0.1
0.016129032258064516,0.008064516129032258,0.016129032258064516,0.016129032258064516,0.016129032258064516,0.016129032258064516,0.008064516129032258,0.016129032258064516,0.04032258064516129,0.016129032258064516
0.012224938875305624,0.0488997555012225,0.0,0.017114914425427872,0.03178484107579462,0.0,0.019559902200488997,0.04645476772616137,0.05378973105134474,0.022004889975550123
0.0,0.1875,0.0,0.0,0.1875,0.0,0.0625,0.0625,0.1875,0.0
0.03571428571428571,0.03571428571428571,0.017857142857142856,0.05357142857142857,0.05357142857142857,0.05357142857142857,0.017857142857142856,0.017857142857142856,0.05357142857142857,0.05357142857142857
0.0,0.0,0.0,0.0,0.0,0.0,0.0,0.0,0.0,0.0
0.0045871559633027525,0.01834862385321101,0.009174311926605505,0.009174311926605505,0.01834862385321101,0.022935779816513763,0.013761467889908258,0.009174311926605505,0.03669724770642202,0.027522935779816515
0.010309278350515464,0.010309278350515464,0.010309278350515464,0.010309278350515464,0.010309278350515464,0.020618556701030927,0.0,0.010309278350515464,0.020618556701030927,0.020618556701030927
0.0,0.02,0.006666666666666667,0.006666666666666667,0.013333333333333334,0.013333333333333334,0.0,0.02666666666666667,0.04666666666666667,0.02
0.0,0.0,0.0,0.0,0.0,0.0,0.0,0.0,0.0,0.0
0.0,0.0,0.1,0.1,0.0,0.1,0.0,0.0,0.0,0.1
0.003418803418803419,0.02564102564102564,0.005128205128205128,0.010256410256410256,0.02905982905982906,0.006837606837606838,0.010256410256410256,0.015384615384615385,0.046153846153846156,0.017094017094017096
0.0,0.1111111111111111,0.0,0.05555555555555555,0.1111111111111111,0.0,0.05555555555555555,0.05555555555555555,0.1111111111111111,0.0
0.0,0.0,0.0,0.0,0.0,0.0,0.0,0.0,0.0,0.0
0.0,0.0,0.0,0.0,0.0,0.0,0.0,0.0,0.0,0.07142857142857142
0.003048780487804878,0.03048780487804878,0.0,0.009146341463414634,0.024390243902439025,0.003048780487804878,0.012195121951219513,0.03353658536585366,0.036585365853658534,0.012195121951219513
0.0,0.019417475728155338,0.0,0.009708737864077669,0.012944983818770227,0.0,0.006472491909385114,0.009708737864077669,0.03559870550161812,0.003236245954692557
0.0,0.045454545454545456,0.0,0.0,0.06060606060606061,0.0,0.030303030303030304,0.045454545454545456,0.07575757575757576,0.0
0.0,0.0,0.0,0.058823529411764705,0.0,0.058823529411764705,0.0,0.0,0.058823529411764705,0.058823529411764705
0.0026041666666666665,0.0390625,0.0026041666666666665,0.0026041666666666665,0.018229166666666668,0.0026041666666666665,0.013020833333333334,0.018229166666666668,0.03125,0.018229166666666668
0.0,0.5,0.0,0.0,0.5,0.0,0.5,0.5,0.5,0.0
0.017897091722595078,0.026845637583892617,0.008948545861297539,0.020134228187919462,0.017897091722595078,0.006711409395973154,0.020134228187919462,0.03131991051454139,0.03803131991051454,0.03803131991051454
0.009900990099009901,0.0297029702970297,0.0,0.009900990099009901,0.019801980198019802,0.0,0.019801980198019802,0.019801980198019802,0.04950495049504951,0.0
0.07142857142857142,0.0,0.07142857142857142,0.07142857142857142,0.0,0.07142857142857142,0.0,0.0,0.0,0.07142857142857142
0.03125,0.020833333333333332,0.03125,0.041666666666666664,0.020833333333333332,0.041666666666666664,0.010416666666666666,0.010416666666666666,0.041666666666666664,0.0625
0.034013605442176874,0.02040816326530612,0.013605442176870748,0.027210884353741496,0.027210884353741496,0.02040816326530612,0.013605442176870748,0.02040816326530612,0.034013605442176874,0.034013605442176874
0.0,0.05660377358490566,0.0,0.03773584905660377,0.03773584905660377,0.018867924528301886,0.018867924528301886,0.03773584905660377,0.07547169811320754,0.03773584905660377
0.0,0.3333333333333333,0.0,0.0,0.3333333333333333,0.0,0.16666666666666666,0.16666666666666666,0.3333333333333333,0.0
0.030303030303030304,0.030303030303030304,0.030303030303030304,0.0,0.030303030303030304,0.030303030303030304,0.0,0.0,0.030303030303030304,0.06060606060606061
0.04032258064516129,0.04032258064516129,0.03225806451612903,0.03225806451612903,0.04032258064516129,0.03225806451612903,0.04838709677419355,0.04032258064516129,0.06451612903225806,0.056451612903225805
0.028169014084507043,0.028169014084507043,0.028169014084507043,0.014084507042253521,0.028169014084507043,0.04225352112676056,0.014084507042253521,0.014084507042253521,0.07042253521126761,0.028169014084507043
0.006172839506172839,0.04938271604938271,0.0,0.012345679012345678,0.04938271604938271,0.006172839506172839,0.024691358024691357,0.04938271604938271,0.08641975308641975,0.018518518518518517
0.0,0.5,0.0,0.0,0.5,0.0,0.0,0.0,0.5,0.0
0.02,0.06,0.0,0.02,0.04,0.0,0.02,0.02,0.06,0.04
0.0,0.0,0.0,0.0,0.0,0.0,0.0,0.0,0.0,0.0
0.0,0.030303030303030304,0.0,0.030303030303030304,0.0,0.0,0.030303030303030304,0.06060606060606061,0.0,0.12121212121212122
0.0,0.0,0.0,0.0,0.0,0.0,0.0,0.0,0.0,0.0
0.013377926421404682,0.03678929765886288,0.013377926421404682,0.020066889632107024,0.04013377926421405,0.023411371237458192,0.026755852842809364,0.030100334448160536,0.04013377926421405,0.023411371237458192
0.08333333333333333,0.0,0.08333333333333333,0.08333333333333333,0.0,0.08333333333333333,0.0,0.0,0.0,0.08333333333333333
0.011029411764705883,0.030637254901960783,0.006127450980392157,0.011029411764705883,0.029411764705882353,0.004901960784313725,0.0196078431372549,0.03553921568627451,0.06495098039215687,0.024509803921568627
0.043478260869565216,0.0,0.043478260869565216,0.06521739130434782,0.021739130434782608,0.043478260869565216,0.021739130434782608,0.021739130434782608,0.043478260869565216,0.10869565217391304
0.03571428571428571,0.04017857142857143,0.008928571428571428,0.013392857142857142,0.03571428571428571,0.008928571428571428,0.03125,0.04017857142857143,0.05803571428571429,0.013392857142857142
0.02857142857142857,0.02857142857142857,0.02857142857142857,0.02857142857142857,0.05714285714285714,0.02857142857142857,0.02857142857142857,0.05714285714285714,0.05714285714285714,0.05714285714285714
0.0,0.0,0.0,0.0,0.0,0.0,0.0,0.0,0.0,0.0
0.0,0.0196078431372549,0.0,0.0,0.0196078431372549,0.0,0.0196078431372549,0.0196078431372549,0.0196078431372549,0.0
0.0,0.015873015873015872,0.0,0.015873015873015872,0.031746031746031744,0.0,0.0,0.0,0.031746031746031744,0.0
0.011764705882352941,0.011764705882352941,0.023529411764705882,0.011764705882352941,0.0,0.011764705882352941,0.0,0.011764705882352941,0.011764705882352941,0.03529411764705882
0.00975609756097561,0.02195121951219512,0.00975609756097561,0.01707317073170732,0.02926829268292683,0.007317073170731708,0.00975609756097561,0.026829268292682926,0.04878048780487805,0.01951219512195122
0.02702702702702703,0.05405405405405406,0.02702702702702703,0.02702702702702703,0.02702702702702703,0.02702702702702703,0.0,0.02702702702702703,0.05405405405405406,0.02702702702702703
0.0,0.1,0.0,0.0,0.1,0.0,0.0,0.0,0.1,0.0
0.07142857142857142,0.07142857142857142,0.14285714285714285,0.14285714285714285,0.07142857142857142,0.14285714285714285,0.0,0.07142857142857142,0.07142857142857142,0.14285714285714285
0.014492753623188406,0.028985507246376812,0.014492753623188406,0.014492753623188406,0.028985507246376812,0.014492753623188406,0.028985507246376812,0.057971014492753624,0.07246376811594203,0.014492753623188406
0.018518518518518517,0.018518518518518517,0.0,0.0,0.018518518518518517,0.0,0.037037037037037035,0.05555555555555555,0.037037037037037035,0.037037037037037035
0.0,0.09090909090909091,0.0,0.0,0.13636363636363635,0.0,0.0,0.09090909090909091,0.13636363636363635,0.0
0.0,0.03571428571428571,0.0,0.0,0.03571428571428571,0.0,0.0,0.0,0.03571428571428571,0.0
0.08333333333333333,0.0,0.08333333333333333,0.08333333333333333,0.0,0.08333333333333333,0.0,0.0,0.0,0.08333333333333333
0.0,0.07317073170731707,0.0,0.0,0.04878048780487805,0.0,0.0,0.0,0.04878048780487805,0.0
0.0,0.3333333333333333,0.0,0.0,0.3333333333333333,0.0,0.0,0.0,0.6666666666666666,0.0
0.0,0.1875,0.0,0.0,0.1875,0.0,0.0625,0.125,0.1875,0.0
0.07692307692307693,0.0,0.07692307692307693,0.0,0.0,0.0,0.0,0.0,0.0,0.15384615384615385
0.005952380952380952,0.011904761904761904,0.005952380952380952,0.005952380952380952,0.011904761904761904,0.011904761904761904,0.005952380952380952,0.011904761904761904,0.03571428571428571,0.041666666666666664
0.013245033112582781,0.019867549668874173,0.006622516556291391,0.006622516556291391,0.026490066225165563,0.006622516556291391,0.006622516556291391,0.019867549668874173,0.046357615894039736,0.013245033112582781
0.007792207792207792,0.02077922077922078,0.0025974025974025974,0.01038961038961039,0.007792207792207792,0.005194805194805195,0.007792207792207792,0.025974025974025976,0.06233766233766234,0.01038961038961039
0.00936768149882904,0.01639344262295082,0.00468384074941452,0.01873536299765808,0.02107728337236534,0.00468384074941452,0.00234192037470726,0.02576112412177986,0.06557377049180328,0.0234192037470726
0.0,0.02702702702702703,0.0,0.0,0.02702702702702703,0.0,0.0,0.05405405405405406,0.02702702702702703,0.0
0.0,0.05555555555555555,0.0,0.018518518518518517,0.05555555555555555,0.0,0.037037037037037035,0.07407407407407407,0.07407407407407407,0.0
0.02702702702702703,0.08108108108108109,0.0,0.08108108108108109,0.08108108108108109,0.0,0.08108108108108109,0.08108108108108109,0.08108108108108109,0.02702702702702703
0.007438894792773645,0.01700318809776833,0.006376195536663124,0.009564293304994687,0.01487778958554729,0.011689691817215728,0.009564293304994687,0.023379383634431455,0.03294367693942614,0.023379383634431455
0.04294478527607362,0.03680981595092025,0.03680981595092025,0.049079754601226995,0.03680981595092025,0.04294478527607362,0.03067484662576687,0.03680981595092025,0.05521472392638037,0.049079754601226995
0.00641025641025641,0.038461538461538464,0.0,0.019230769230769232,0.03205128205128205,0.00641025641025641,0.02564102564102564,0.038461538461538464,0.08333333333333333,0.01282051282051282
0.125,0.0625,0.0625,0.0,0.0,0.0,0.0,0.0625,0.125,0.1875
0.0,0.025,0.0,0.0,0.0125,0.0,0.0,0.0,0.025,0.0375
0.013333333333333334,0.013333333333333334,0.0,0.013333333333333334,0.02666666666666667,0.0,0.0,0.02666666666666667,0.08,0.013333333333333334
0.0,0.0,0.0,0.0,0.0,0.0,0.0,0.0,0.0,0.0
0.0,0.03125,0.0,0.0,0.03125,0.0,0.0,0.03125,0.03125,0.0
0.0,0.06,0.0,0.02,0.04,0.0,0.06,0.1,0.08,0.04
0.029411764705882353,0.0,0.029411764705882353,0.029411764705882353,0.0,0.058823529411764705,0.0,0.058823529411764705,0.0,0.08823529411764706
0.0,0.0,0.0,0.0,0.0,0.0,0.0,0.0,0.0,0.0
0.0,0.0,0.0,0.0,0.3333333333333333,0.0,0.0,0.0,0.3333333333333333,0.0
0.0,0.0,0.0,0.0,0.0,0.0,0.0,0.0,0.0,0.0
0.008,0.018666666666666668,0.005333333333333333,0.010666666666666666,0.010666666666666666,0.010666666666666666,0.010666666666666666,0.021333333333333333,0.032,0.013333333333333334
0.018691588785046728,0.04205607476635514,0.004672897196261682,0.02336448598130841,0.02336448598130841,0.009345794392523364,0.02336448598130841,0.018691588785046728,0.03271028037383177,0.03271028037383177
0.03125,0.0,0.0,0.03125,0.0,0.0,0.03125,0.0,0.0,0.0625
0.018518518518518517,0.0,0.018518518518518517,0.037037037037037035,0.018518518518518517,0.018518518518518517,0.0,0.018518518518518517,0.05555555555555555,0.0
0.07692307692307693,0.0,0.0,0.07692307692307693,0.0,0.07692307692307693,0.07692307692307693,0.0,0.07692307692307693,0.07692307692307693
0.008849557522123894,0.02359882005899705,0.0029498525073746312,0.011799410029498525,0.014749262536873156,0.0029498525073746312,0.008849557522123894,0.02654867256637168,0.029498525073746312,0.017699115044247787
0.0,0.039473684210526314,0.0,0.013157894736842105,0.02631578947368421,0.0,0.02631578947368421,0.05263157894736842,0.05263157894736842,0.0
0.046511627906976744,0.023255813953488372,0.023255813953488372,0.023255813953488372,0.023255813953488372,0.023255813953488372,0.023255813953488372,0.09302325581395349,0.046511627906976744,0.023255813953488372
0.006920415224913495,0.010380622837370242,0.006920415224913495,0.006920415224913495,0.010380622837370242,0.006920415224913495,0.0034602076124567475,0.006920415224913495,0.020761245674740483,0.020761245674740483
0.0,0.0,0.07692307692307693,0.0,0.0,0.0,0.07692307692307693,0.0,0.0,0.07692307692307693
0.0,0.1111111111111111,0.0,0.0,0.1111111111111111,0.0,0.0,0.0,0.1111111111111111,0.0
0.0,0.0,0.015625,0.015625,0.0,0.015625,0.0,0.0,0.0,0.03125
0.004629629629629629,0.023148148148148147,0.0030864197530864196,0.012345679012345678,0.020061728395061727,0.0030864197530864196,0.013888888888888888,0.033950617283950615,0.047839506172839504,0.010802469135802469
0.1,0.1,0.0,0.1,0.1,0.0,0.0,0.0,0.1,0.1
0.016042780748663103,0.016042780748663103,0.008021390374331552,0.017379679144385027,0.0106951871657754,0.013368983957219251,0.0106951871657754,0.01871657754010695,0.03609625668449198,0.02406417112299465
0.0,0.0,0.0,0.0,0.0,0.0,0.0,0.0,0.0,0.0
0.0,0.3333333333333333,0.0,0.16666666666666666,0.3333333333333333,0.0,0.16666666666666666,0.16666666666666666,0.3333333333333333,0.0
0.06976744186046512,0.06976744186046512,0.06976744186046512,0.06976744186046512,0.06976744186046512,0.06976744186046512,0.0,0.0,0.06976744186046512,0.09302325581395349
0.01171875,0.0546875,0.00390625,0.015625,0.046875,0.015625,0.0390625,0.04296875,0.0625,0.01953125
0.017241379310344827,0.06896551724137931,0.0,0.034482758620689655,0.06896551724137931,0.0,0.05172413793103448,0.05172413793103448,0.1206896551724138,0.017241379310344827
0.0,0.1111111111111111,0.0,0.0,0.1111111111111111,0.0,0.0,0.0,0.1111111111111111,0.0
0.0,0.07317073170731707,0.0,0.024390243902439025,0.12195121951219512,0.0,0.07317073170731707,0.0975609756097561,0.12195121951219512,0.0
0.0,0.030303030303030304,0.0,0.0,0.030303030303030304,0.0,0.030303030303030304,0.0,0.06060606060606061,0.06060606060606061
0.0,0.3333333333333333,0.0,0.0,0.3333333333333333,0.0,0.0,0.0,0.3333333333333333,0.0
0.01256281407035176,0.035175879396984924,0.005025125628140704,0.02512562814070352,0.02763819095477387,0.01256281407035176,0.01507537688442211,0.020100502512562814,0.04522613065326633,0.02763819095477387
0.0,0.0,0.0,0.0,0.0,0.0,0.0,0.0,0.0,0.0
0.0,0.3333333333333333,0.0,0.0,0.3333333333333333,0.0,0.3333333333333333,0.3333333333333333,0.3333333333333333,0.0
0.012755102040816327,0.04081632653061224,0.012755102040816327,0.02040816326530612,0.025510204081632654,0.012755102040816327,0.017857142857142856,0.02040816326530612,0.03826530612244898,0.03316326530612245
0.0,0.125,0.0,0.0,0.125,0.0,0.125,0.125,0.125,0.0
0.018691588785046728,0.028037383177570093,0.009345794392523364,0.028037383177570093,0.037383177570093455,0.018691588785046728,0.037383177570093455,0.04672897196261682,0.06542056074766354,0.028037383177570093
0.07692307692307693,0.07692307692307693,0.0,0.0,0.07692307692307693,0.0,0.07692307692307693,0.07692307692307693,0.07692307692307693,0.0
0.0,0.0,0.0,0.0,0.0,0.0,0.0,0.07692307692307693,0.0,0.0
0.0,0.029411764705882353,0.0,0.029411764705882353,0.029411764705882353,0.029411764705882353,0.029411764705882353,0.058823529411764705,0.029411764705882353,0.029411764705882353
0.0,0.07894736842105263,0.0,0.0,0.05263157894736842,0.0,0.02631578947368421,0.02631578947368421,0.10526315789473684,0.02631578947368421
0.0,0.0,1.0,0.0,0.0,1.0,0.0,0.0,0.0,1.0
0.0,0.0,0.0,0.05263157894736842,0.0,0.05263157894736842,0.0,0.05263157894736842,0.0,0.10526315789473684
0.03225806451612903,0.03225806451612903,0.0,0.03225806451612903,0.03225806451612903,0.0,0.0,0.0,0.06451612903225806,0.03225806451612903
0.03773584905660377,0.0,0.03773584905660377,0.03773584905660377,0.0,0.03773584905660377,0.0,0.018867924528301886,0.018867924528301886,0.03773584905660377
0.003929273084479371,0.015717092337917484,0.005893909626719057,0.005893909626719057,0.003929273084479371,0.005893909626719057,0.007858546168958742,0.015717092337917484,0.023575638506876228,0.0137524557956778
0.0,0.04918032786885246,0.0,0.0,0.04918032786885246,0.0,0.01639344262295082,0.06557377049180328,0.06557377049180328,0.0
0.0,0.030303030303030304,0.0,0.030303030303030304,0.0,0.015151515151515152,0.0,0.030303030303030304,0.030303030303030304,0.045454545454545456
0.0,0.02666666666666667,0.0,0.006666666666666667,0.03333333333333333,0.0,0.02,0.04666666666666667,0.06666666666666667,0.013333333333333334
0.06666666666666667,0.06666666666666667,0.06666666666666667,0.06666666666666667,0.06666666666666667,0.06666666666666667,0.0,0.0,0.06666666666666667,0.06666666666666667
0.05263157894736842,0.03508771929824561,0.0,0.03508771929824561,0.03508771929824561,0.017543859649122806,0.05263157894736842,0.017543859649122806,0.05263157894736842,0.03508771929824561
0.0,0.0,0.0,0.07142857142857142,0.07142857142857142,0.07142857142857142,0.0,0.21428571428571427,0.21428571428571427,0.07142857142857142
0.024793388429752067,0.024793388429752067,0.01652892561983471,0.028925619834710745,0.028925619834710745,0.01652892561983471,0.01652892561983471,0.04132231404958678,0.049586776859504134,0.04132231404958678
0.013513513513513514,0.04054054054054054,0.013513513513513514,0.02702702702702703,0.06756756756756757,0.013513513513513514,0.02702702702702703,0.05405405405405406,0.10810810810810811,0.013513513513513514
0.024691358024691357,0.024691358024691357,0.006172839506172839,0.030864197530864196,0.043209876543209874,0.006172839506172839,0.0,0.024691358024691357,0.05555555555555555,0.043209876543209874
0.023255813953488372,0.03875968992248062,0.015503875968992248,0.031007751937984496,0.031007751937984496,0.007751937984496124,0.023255813953488372,0.07751937984496124,0.06201550387596899,0.03875968992248062
0.00851063829787234,0.00425531914893617,0.00851063829787234,0.00851063829787234,0.00425531914893617,0.00425531914893617,0.0,0.00851063829787234,0.0425531914893617,0.01276595744680851
0.0,0.0196078431372549,0.0,0.0,0.0196078431372549,0.0,0.0196078431372549,0.0196078431372549,0.0196078431372549,0.0
0.0,0.06666666666666667,0.0,0.0,0.13333333333333333,0.0,0.0,0.13333333333333333,0.13333333333333333,0.0
0.012048192771084338,0.04819277108433735,0.024096385542168676,0.012048192771084338,0.060240963855421686,0.012048192771084338,0.024096385542168676,0.024096385542168676,0.07228915662650602,0.024096385542168676
0.08333333333333333,0.1111111111111111,0.027777777777777776,0.08333333333333333,0.1111111111111111,0.05555555555555555,0.05555555555555555,0.1111111111111111,0.16666666666666666,0.05555555555555555
0.01818181818181818,0.031818181818181815,0.004545454545454545,0.01818181818181818,0.02727272727272727,0.0,0.013636363636363636,0.022727272727272728,0.031818181818181815,0.022727272727272728
0.010273972602739725,0.017123287671232876,0.003424657534246575,0.017123287671232876,0.010273972602739725,0.003424657534246575,0.010273972602739725,0.02054794520547945,0.03424657534246575,0.017123287671232876
0.012519561815336464,0.03442879499217527,0.004694835680751174,0.010954616588419406,0.028169014084507043,0.012519561815336464,0.02034428794992175,0.03129890453834116,0.048513302034428794,0.02190923317683881
0.0,0.02,0.02,0.04,0.02,0.02,0.02,0.04,0.02,0.02
0.02040816326530612,0.061224489795918366,0.0,0.02040816326530612,0.04081632653061224,0.0,0.04081632653061224,0.061224489795918366,0.061224489795918366,0.04081632653061224
0.0,0.25,0.0,0.0,0.25,0.0,0.0,0.0,0.25,0.0
0.0,0.1111111111111111,0.0,0.0,0.1111111111111111,0.0,0.0,0.0,0.1111111111111111,0.0
0.05263157894736842,0.0,0.0,0.05263157894736842,0.05263157894736842,0.0,0.0,0.0,0.10526315789473684,0.05263157894736842
0.041666666666666664,0.0,0.0,0.041666666666666664,0.0,0.0,0.0,0.0,0.0,0.041666666666666664
0.03571428571428571,0.05357142857142857,0.0,0.017857142857142856,0.03571428571428571,0.017857142857142856,0.017857142857142856,0.03571428571428571,0.07142857142857142,0.05357142857142857
0.0,0.0,0.0,0.0,0.0,0.0,0.0,0.0,0.0,0.0
0.005714285714285714,0.05142857142857143,0.0,0.011428571428571429,0.04,0.0,0.017142857142857144,0.04,0.05714285714285714,0.03428571428571429
0.0,0.25,0.0,0.0,0.25,0.0,0.0,0.0,0.25,0.0
0.0,0.0,0.0,0.0,0.0,0.0,0.0,0.0,0.0,0.0
0.0066518847006651885,0.015521064301552107,0.0,0.008869179600886918,0.013303769401330377,0.0066518847006651885,0.017738359201773836,0.028824833702882482,0.04434589800443459,0.015521064301552107
0.007751937984496124,0.023255813953488372,0.007751937984496124,0.007751937984496124,0.023255813953488372,0.007751937984496124,0.007751937984496124,0.046511627906976744,0.05426356589147287,0.007751937984496124
0.0,0.06896551724137931,0.0,0.0,0.10344827586206896,0.0,0.06896551724137931,0.06896551724137931,0.10344827586206896,0.0
0.0,0.0,0.0,0.0,0.0,0.07692307692307693,0.0,0.0,0.0,0.07692307692307693
0.012690355329949238,0.03553299492385787,0.0025380710659898475,0.012690355329949238,0.025380710659898477,0.01015228426395939,0.015228426395939087,0.027918781725888325,0.04568527918781726,0.02030456852791878
0.0,0.0,0.0,0.0,0.1111111111111111,0.0,0.0,0.0,0.1111111111111111,0.0
0.0,0.043478260869565216,0.0,0.0,0.043478260869565216,0.0,0.043478260869565216,0.043478260869565216,0.043478260869565216,0.0
0.012195121951219513,0.024390243902439025,0.006097560975609756,0.012195121951219513,0.024390243902439025,0.012195121951219513,0.012195121951219513,0.03048780487804878,0.04878048780487805,0.024390243902439025
0.0,0.0,0.0,0.0,0.0,0.0,0.0,0.0,0.0,0.0
0.008547008547008548,0.03418803418803419,0.008547008547008548,0.008547008547008548,0.02564102564102564,0.014245014245014245,0.017094017094017096,0.019943019943019943,0.05413105413105413,0.017094017094017096
0.0,0.0,0.0,0.0,0.0,0.0,0.0,0.0,0.0,0.0
0.01282051282051282,0.01282051282051282,0.0,0.01282051282051282,0.01282051282051282,0.0,0.01282051282051282,0.038461538461538464,0.05128205128205128,0.01282051282051282
0.0,0.09090909090909091,0.0,0.0,0.18181818181818182,0.0,0.0,0.0,0.18181818181818182,0.0
0.01818181818181818,0.03636363636363636,0.012121212121212121,0.030303030303030304,0.024242424242424242,0.024242424242424242,0.01818181818181818,0.012121212121212121,0.04242424242424243,0.03636363636363636
0.0,0.05847953216374269,0.0,0.0,0.04678362573099415,0.011695906432748537,0.029239766081871343,0.05263157894736842,0.05847953216374269,0.0
0.0,0.0,0.0,0.0,0.0,0.0,0.0,0.0,0.05263157894736842,0.05263157894736842
0.005555555555555556,0.016666666666666666,0.005555555555555556,0.011111111111111112,0.022222222222222223,0.005555555555555556,0.005555555555555556,0.011111111111111112,0.027777777777777776,0.016666666666666666
0.058823529411764705,0.058823529411764705,0.058823529411764705,0.08823529411764706,0.14705882352941177,0.08823529411764706,0.029411764705882353,0.11764705882352941,0.14705882352941177,0.058823529411764705
0.0,0.0,0.0,0.0,0.0,0.0,0.0,0.0,0.14285714285714285,0.0
0.0,0.125,0.0,0.0,0.125,0.0,0.125,0.125,0.125,0.125
0.0,0.17647058823529413,0.0,0.0,0.11764705882352941,0.0,0.058823529411764705,0.058823529411764705,0.11764705882352941,0.0
0.0196078431372549,0.0196078431372549,0.0,0.0392156862745098,0.0196078431372549,0.0,0.0196078431372549,0.0392156862745098,0.0784313725490196,0.0196078431372549
0.0,0.02586206896551724,0.0,0.017241379310344827,0.017241379310344827,0.008620689655172414,0.008620689655172414,0.017241379310344827,0.034482758620689655,0.02586206896551724
0.013888888888888888,0.022222222222222223,0.005555555555555556,0.027777777777777776,0.013888888888888888,0.008333333333333333,0.016666666666666666,0.044444444444444446,0.04722222222222222,0.022222222222222223
0.009174311926605505,0.027522935779816515,0.009174311926605505,0.009174311926605505,0.03669724770642202,0.01834862385321101,0.009174311926605505,0.01834862385321101,0.05504587155963303,0.0
0.07142857142857142,0.03571428571428571,0.07142857142857142,0.07142857142857142,0.03571428571428571,0.0,0.03571428571428571,0.07142857142857142,0.10714285714285714,0.07142857142857142
0.012232415902140673,0.022935779816513763,0.0015290519877675841,0.01529051987767584,0.019877675840978593,0.009174311926605505,0.016819571865443424,0.022935779816513763,0.047400611620795105,0.0290519877675841
0.0,0.045454545454545456,0.0,0.0,0.045454545454545456,0.045454545454545456,0.045454545454545456,0.0,0.09090909090909091,0.0
0.0,0.04,0.0,0.0,0.0,0.0,0.0,0.0,0.04,0.02
0.00931899641577061,0.01935483870967742,0.005734767025089606,0.012186379928315413,0.016487455197132617,0.01003584229390681,0.007885304659498209,0.026523297491039426,0.034408602150537634,0.01935483870967742
0.017467248908296942,0.026200873362445413,0.008733624454148471,0.021834061135371178,0.021834061135371178,0.017467248908296942,0.017467248908296942,0.026200873362445413,0.03056768558951965,0.026200873362445413
0.0038860103626943004,0.023316062176165803,0.0038860103626943004,0.011658031088082901,0.011658031088082901,0.010362694300518135,0.010362694300518135,0.04145077720207254,0.04922279792746114,0.034974093264248704
0.0,0.017241379310344827,0.0,0.017241379310344827,0.017241379310344827,0.0,0.0,0.0,0.034482758620689655,0.0
0.007352941176470588,0.0661764705882353,0.0,0.007352941176470588,0.022058823529411766,0.007352941176470588,0.022058823529411766,0.022058823529411766,0.04411764705882353,0.022058823529411766
0.0,0.0,0.0,0.0,0.0,0.0,0.0,0.0,0.0,0.0
0.0,0.03225806451612903,0.0,0.016129032258064516,0.016129032258064516,0.0,0.016129032258064516,0.016129032258064516,0.03225806451612903,0.016129032258064516
0.0196078431372549,0.09803921568627451,0.0,0.0,0.058823529411764705,0.0,0.0196078431372549,0.0196078431372549,0.09803921568627451,0.0392156862745098
0.036585365853658534,0.06097560975609756,0.024390243902439025,0.036585365853658534,0.06097560975609756,0.024390243902439025,0.036585365853658534,0.036585365853658534,0.06097560975609756,0.04878048780487805
0.0,0.032,0.0,0.0,0.024,0.0,0.016,0.04,0.048,0.024
0.0,0.07142857142857142,0.0,0.007936507936507936,0.03968253968253968,0.007936507936507936,0.031746031746031744,0.031746031746031744,0.03968253968253968,0.015873015873015872
0.0,0.0,0.0,0.0,0.0,0.0,0.0,0.0,0.0,0.0
0.0,0.13636363636363635,0.0,0.0,0.13636363636363635,0.0,0.045454545454545456,0.09090909090909091,0.13636363636363635,0.0
0.0,0.04743083003952569,0.003952569169960474,0.007905138339920948,0.02766798418972332,0.003952569169960474,0.011857707509881422,0.02766798418972332,0.05928853754940711,0.011857707509881422
0.01694915254237288,0.05084745762711865,0.03389830508474576,0.06779661016949153,0.03389830508474576,0.03389830508474576,0.03389830508474576,0.01694915254237288,0.05084745762711865,0.05084745762711865
0.01171875,0.0390625,0.01171875,0.0234375,0.04296875,0.01171875,0.015625,0.03515625,0.05078125,0.01171875
0.03125,0.041666666666666664,0.020833333333333332,0.0625,0.052083333333333336,0.03125,0.03125,0.052083333333333336,0.0625,0.041666666666666664
0.0,0.041237113402061855,0.0,0.0,0.041237113402061855,0.0,0.010309278350515464,0.010309278350515464,0.041237113402061855,0.010309278350515464
0.0,0.0,0.0,0.0,0.0,0.0,0.0,0.0,0.0,0.2
0.0,0.03125,0.0,0.03125,0.03125,0.03125,0.0,0.0,0.0625,0.03125
0.014492753623188406,0.03768115942028986,0.011594202898550725,0.014492753623188406,0.03188405797101449,0.014492753623188406,0.028985507246376812,0.043478260869565216,0.06666666666666667,0.02608695652173913
0.0,0.18181818181818182,0.0,0.0,0.09090909090909091,0.0,0.09090909090909091,0.09090909090909091,0.09090909090909091,0.0
0.0967741935483871,0.03225806451612903,0.0967741935483871,0.0967741935483871,0.03225806451612903,0.0967741935483871,0.0,0.0,0.06451612903225806,0.0967741935483871
0.0,0.05555555555555555,0.0,0.0,0.05555555555555555,0.0,0.0,0.027777777777777776,0.08333333333333333,0.0
0.017241379310344827,0.017241379310344827,0.017241379310344827,0.017241379310344827,0.017241379310344827,0.0,0.017241379310344827,0.034482758620689655,0.05172413793103448,0.06896551724137931
0.1,0.0,0.1,0.1,0.0,0.0,0.0,0.0,0.0,0.2
0.004219409282700422,0.02531645569620253,0.004219409282700422,0.008438818565400843,0.008438818565400843,0.008438818565400843,0.0,0.0,0.02109704641350211,0.02109704641350211
0.0,0.0,0.0,0.2,0.0,0.2,0.0,0.2,0.2,0.2
0.0,0.044444444444444446,0.0,0.022222222222222223,0.044444444444444446,0.0,0.022222222222222223,0.044444444444444446,0.06666666666666667,0.0
0.012345679012345678,0.012345679012345678,0.04938271604938271,0.024691358024691357,0.024691358024691357,0.04938271604938271,0.012345679012345678,0.024691358024691357,0.024691358024691357,0.06172839506172839
0.03508771929824561,0.02631578947368421,0.0,0.043859649122807015,0.017543859649122806,0.017543859649122806,0.02631578947368421,0.02631578947368421,0.043859649122807015,0.043859649122807015
0.0625,0.0625,0.0,0.0625,0.0625,0.0625,0.0625,0.0625,0.0625,0.125
0.02358490566037736,0.018867924528301886,0.009433962264150943,0.02830188679245283,0.0,0.014150943396226415,0.0047169811320754715,0.009433962264150943,0.0330188679245283,0.04245283018867924
0.0,0.06666666666666667,0.0,0.06666666666666667,0.06666666666666667,0.0,0.0,0.06666666666666667,0.06666666666666667,0.0
0.011627906976744186,0.011627906976744186,0.0,0.0,0.011627906976744186,0.0,0.0,0.046511627906976744,0.10465116279069768,0.011627906976744186
0.0,0.0,0.0,0.0,0.0,0.0,0.0,0.08108108108108109,0.02702702702702703,0.0
0.0,0.043478260869565216,0.0,0.0,0.021739130434782608,0.0,0.043478260869565216,0.021739130434782608,0.043478260869565216,0.021739130434782608
0.011494252873563218,0.04597701149425287,0.011494252873563218,0.011494252873563218,0.022988505747126436,0.011494252873563218,0.022988505747126436,0.034482758620689655,0.05747126436781609,0.011494252873563218
0.08333333333333333,0.0,0.08333333333333333,0.08333333333333333,0.0,0.08333333333333333,0.0,0.0,0.0,0.08333333333333333
0.0,0.0625,0.0,0.0,0.0625,0.0,0.03125,0.03125,0.125,0.0
0.0,0.09523809523809523,0.0,0.0,0.09523809523809523,0.0,0.047619047619047616,0.047619047619047616,0.09523809523809523,0.0
0.011428571428571429,0.022857142857142857,0.011428571428571429,0.022857142857142857,0.02857142857142857,0.005714285714285714,0.011428571428571429,0.017142857142857144,0.05142857142857143,0.022857142857142857
0.0,0.0,0.0,0.0,0.0,0.0,0.0,0.0,0.0,0.0
0.0,0.041666666666666664,0.0,0.020833333333333332,0.041666666666666664,0.0,0.020833333333333332,0.020833333333333332,0.08333333333333333,0.0
0.014035087719298246,0.031578947368421054,0.021052631578947368,0.021052631578947368,0.03859649122807018,0.02456140350877193,0.021052631578947368,0.031578947368421054,0.056140350877192984,0.021052631578947368
0.0,0.0,0.0,0.0,0.0,0.0,0.0,0.0,0.0,0.1111111111111111
0.0,0.0,0.0,0.0,0.0,0.0,0.0,0.0,0.0,0.25
0.028169014084507043,0.014084507042253521,0.0,0.028169014084507043,0.014084507042253521,0.0,0.0,0.014084507042253521,0.014084507042253521,0.028169014084507043
0.016129032258064516,0.03225806451612903,0.016129032258064516,0.016129032258064516,0.03225806451612903,0.016129032258064516,0.0,0.0,0.06451612903225806,0.016129032258064516
0.0,0.25,0.0,0.0,0.25,0.0,0.25,0.25,0.5,0.0
0.0,0.02702702702702703,0.0,0.05405405405405406,0.0,0.0,0.0,0.0,0.0,0.0
0.0,0.0,0.0,0.0,0.0,0.0,0.0,0.0,0.0,0.0
0.0,0.021739130434782608,0.0,0.0,0.0,0.0,0.0,0.021739130434782608,0.043478260869565216,0.0
0.0136986301369863,0.0547945205479452,0.0136986301369863,0.0136986301369863,0.0547945205479452,0.0136986301369863,0.0273972602739726,0.0684931506849315,0.0547945205479452,0.0
0.0,0.0,0.0,0.0,0.0,0.0,0.0,0.0,0.0,0.0
0.027624309392265192,0.016574585635359115,0.027624309392265192,0.022099447513812154,0.0055248618784530384,0.022099447513812154,0.0055248618784530384,0.022099447513812154,0.049723756906077346,0.04419889502762431
0.0,0.0,0.0,0.038461538461538464,0.0,0.0,0.0,0.0,0.038461538461538464,0.0
0.013333333333333334,0.05333333333333334,0.013333333333333334,0.02666666666666667,0.05333333333333334,0.013333333333333334,0.04,0.08,0.13333333333333333,0.04
0.0,0.0,0.0,0.0,0.25,0.0,0.0,0.0,0.25,0.0
0.0,0.043478260869565216,0.0,0.014492753623188406,0.057971014492753624,0.0,0.028985507246376812,0.043478260869565216,0.08695652173913043,0.0
0.011235955056179775,0.033707865168539325,0.011235955056179775,0.011235955056179775,0.011235955056179775,0.0056179775280898875,0.0056179775280898875,0.016853932584269662,0.016853932584269662,0.011235955056179775
0.004048582995951417,0.024291497975708502,0.004048582995951417,0.008097165991902834,0.024291497975708502,0.008097165991902834,0.008097165991902834,0.020242914979757085,0.03643724696356275,0.012145748987854251
0.006802721088435374,0.02040816326530612,0.006802721088435374,0.027210884353741496,0.027210884353741496,0.006802721088435374,0.02040816326530612,0.02040816326530612,0.05442176870748299,0.02040816326530612
0.0,0.012987012987012988,0.012987012987012988,0.03896103896103896,0.0,0.025974025974025976,0.0,0.025974025974025976,0.03896103896103896,0.025974025974025976
0.04411764705882353,0.029411764705882353,0.04411764705882353,0.058823529411764705,0.04411764705882353,0.04411764705882353,0.029411764705882353,0.029411764705882353,0.058823529411764705,0.058823529411764705
0.04878048780487805,0.0,0.04878048780487805,0.024390243902439025,0.0,0.04878048780487805,0.0,0.0,0.0,0.0975609756097561
0.02040816326530612,0.04081632653061224,0.0,0.02040816326530612,0.04081632653061224,0.02040816326530612,0.030612244897959183,0.030612244897959183,0.061224489795918366,0.04081632653061224
0.03571428571428571,0.10714285714285714,0.03571428571428571,0.03571428571428571,0.07142857142857142,0.0,0.03571428571428571,0.03571428571428571,0.10714285714285714,0.03571428571428571
0.0,0.058823529411764705,0.0,0.0,0.058823529411764705,0.058823529411764705,0.058823529411764705,0.0,0.058823529411764705,0.0
0.1,0.1,0.0,0.1,0.1,0.0,0.1,0.2,0.1,0.2
0.0,0.0,0.0,0.0,0.0,0.0,0.0,0.0,0.0,0.0
0.0,0.008130081300813009,0.016260162601626018,0.008130081300813009,0.0,0.0,0.0,0.016260162601626018,0.008130081300813009,0.024390243902439025
0.04132231404958678,0.024793388429752067,0.024793388429752067,0.03305785123966942,0.024793388429752067,0.024793388429752067,0.01652892561983471,0.03305785123966942,0.049586776859504134,0.05785123966942149
0.0,0.2,0.0,0.06666666666666667,0.13333333333333333,0.0,0.13333333333333333,0.13333333333333333,0.2,0.0
0.08333333333333333,0.08333333333333333,0.08333333333333333,0.08333333333333333,0.08333333333333333,0.08333333333333333,0.0,0.0,0.16666666666666666,0.08333333333333333
0.015267175572519083,0.03816793893129771,0.022900763358778626,0.019083969465648856,0.019083969465648856,0.015267175572519083,0.015267175572519083,0.026717557251908396,0.030534351145038167,0.05343511450381679
0.0,0.07547169811320754,0.0,0.0,0.05660377358490566,0.0,0.03773584905660377,0.05660377358490566,0.05660377358490566,0.0
0.00411522633744856,0.0205761316872428,0.0,0.01646090534979424,0.0205761316872428,0.00411522633744856,0.01646090534979424,0.02880658436213992,0.037037037037037035,0.00823045267489712
0.0,0.0,0.0,0.0,0.0,0.0,0.0,0.0,0.0,0.0
0.01639344262295082,0.01639344262295082,0.0,0.03278688524590164,0.01639344262295082,0.01639344262295082,0.01639344262295082,0.01639344262295082,0.03278688524590164,0.01639344262295082
0.0,0.0,0.0,0.0,0.0,0.0,0.0,0.0,0.0,0.3333333333333333
0.010309278350515464,0.010309278350515464,0.0,0.010309278350515464,0.010309278350515464,0.0,0.010309278350515464,0.010309278350515464,0.020618556701030927,0.041237113402061855
0.027777777777777776,0.0,0.027777777777777776,0.0,0.0,0.0,0.0,0.027777777777777776,0.0,0.08333333333333333
0.0,0.010101010101010102,0.0,0.0,0.04040404040404041,0.010101010101010102,0.010101010101010102,0.020202020202020204,0.06060606060606061,0.010101010101010102
0.045454545454545456,0.045454545454545456,0.022727272727272728,0.0,0.045454545454545456,0.0,0.045454545454545456,0.045454545454545456,0.045454545454545456,0.06818181818181818
0.030303030303030304,0.06060606060606061,0.0,0.030303030303030304,0.09090909090909091,0.0,0.030303030303030304,0.12121212121212122,0.09090909090909091,0.030303030303030304
0.0,0.0,0.0,0.0,0.0,0.0,0.0,0.0,0.0,0.0
0.1111111111111111,0.0,0.1111111111111111,0.1111111111111111,0.0,0.1111111111111111,0.1111111111111111,0.0,0.0,0.1111111111111111
0.0,0.056074766355140186,0.0,0.014018691588785047,0.0514018691588785,0.0,0.0514018691588785,0.09345794392523364,0.08411214953271028,0.0
0.0,0.02727272727272727,0.0,0.00909090909090909,0.00909090909090909,0.0,0.0,0.0,0.01818181818181818,0.00909090909090909
0.008968609865470852,0.04484304932735426,0.008968609865470852,0.008968609865470852,0.03587443946188341,0.004484304932735426,0.02242152466367713,0.04484304932735426,0.053811659192825115,0.026905829596412557
0.0,0.047619047619047616,0.0,0.0,0.047619047619047616,0.0,0.0,0.0,0.047619047619047616,0.0
0.06521739130434782,0.043478260869565216,0.0,0.06521739130434782,0.043478260869565216,0.0,0.043478260869565216,0.043478260869565216,0.06521739130434782,0.08695652173913043
0.007407407407407408,0.044444444444444446,0.007407407407407408,0.014814814814814815,0.02962962962962963,0.014814814814814815,0.022222222222222223,0.014814814814814815,0.044444444444444446,0.022222222222222223
0.0,0.0625,0.0,0.0,0.125,0.0,0.0,0.0,0.125,0.0
0.0,0.045454545454545456,0.0,0.0,0.05454545454545454,0.00909090909090909,0.01818181818181818,0.045454545454545456,0.07272727272727272,0.00909090909090909
0.02857142857142857,0.02857142857142857,0.02857142857142857,0.05714285714285714,0.02857142857142857,0.02857142857142857,0.02857142857142857,0.02857142857142857,0.02857142857142857,0.02857142857142857
0.023255813953488372,0.046511627906976744,0.0,0.023255813953488372,0.046511627906976744,0.023255813953488372,0.046511627906976744,0.046511627906976744,0.09302325581395349,0.023255813953488372
0.0,0.0,0.0,0.0,0.0,0.0,0.0,0.0,0.027777777777777776,0.0
0.0,0.0,0.0,0.0,0.0,0.0,0.0,0.0,0.0,0.0
0.03125,0.03125,0.015625,0.03125,0.0,0.015625,0.015625,0.015625,0.0,0.046875
0.0,0.0,0.0,0.0,0.0,0.0,0.0,0.0,0.0,0.0
0.0018181818181818182,0.03636363636363636,0.0,0.007272727272727273,0.007272727272727273,0.012727272727272728,0.007272727272727273,0.02181818181818182,0.02909090909090909,0.023636363636363636
0.01694915254237288,0.06779661016949153,0.0,0.03389830508474576,0.0847457627118644,0.0,0.05084745762711865,0.05084745762711865,0.1016949152542373,0.03389830508474576
0.0,0.043478260869565216,0.0,0.0,0.043478260869565216,0.0,0.043478260869565216,0.043478260869565216,0.043478260869565216,0.0
0.0,0.0,0.0,0.0,0.0,0.0,0.0,0.0,0.0,0.0
0.0,0.0,0.0,0.0,0.0,0.0,0.0,0.0,0.0,0.0
0.0,0.0,0.0,0.0,0.0,0.0,0.0,0.0,0.0,0.0
0.0,0.04411764705882353,0.0,0.014705882352941176,0.029411764705882353,0.0,0.029411764705882353,0.04411764705882353,0.08823529411764706,0.014705882352941176
0.0,0.02197802197802198,0.0,0.01098901098901099,0.02197802197802198,0.0,0.01098901098901099,0.01098901098901099,0.04395604395604396,0.0
0.023255813953488372,0.06976744186046512,0.023255813953488372,0.046511627906976744,0.08139534883720931,0.03488372093023256,0.05813953488372093,0.046511627906976744,0.12790697674418605,0.03488372093023256
0.007165605095541401,0.024681528662420384,0.0031847133757961785,0.01592356687898089,0.02388535031847134,0.009554140127388535,0.005573248407643312,0.03184713375796178,0.042993630573248405,0.01910828025477707
0.0041928721174004195,0.041928721174004195,0.0020964360587002098,0.008385744234800839,0.04821802935010482,0.0041928721174004195,0.03773584905660377,0.05660377358490566,0.06289308176100629,0.010482180293501049
0.0,0.09523809523809523,0.0,0.047619047619047616,0.047619047619047616,0.0,0.047619047619047616,0.047619047619047616,0.047619047619047616,0.0
0.01639344262295082,0.01639344262295082,0.0,0.01639344262295082,0.01639344262295082,0.0,0.0,0.03278688524590164,0.08196721311475409,0.01639344262295082
0.016666666666666666,0.05,0.0,0.05,0.03333333333333333,0.016666666666666666,0.016666666666666666,0.03333333333333333,0.05,0.03333333333333333
0.0,0.0,0.0,0.0,0.0,0.0,0.0,0.0,0.0,0.0
0.05263157894736842,0.07894736842105263,0.0,0.05263157894736842,0.10526315789473684,0.05263157894736842,0.05263157894736842,0.05263157894736842,0.13157894736842105,0.07894736842105263
0.02702702702702703,0.05405405405405406,0.02702702702702703,0.02702702702702703,0.05405405405405406,0.02702702702702703,0.02702702702702703,0.02702702702702703,0.05405405405405406,0.02702702702702703
0.1,0.1,0.0,0.2,0.1,0.0,0.0,0.0,0.1,0.1
0.0,0.14285714285714285,0.0,0.047619047619047616,0.14285714285714285,0.0,0.047619047619047616,0.09523809523809523,0.14285714285714285,0.0
0.005405405405405406,0.043243243243243246,0.0,0.021621621621621623,0.02702702702702703,0.016216216216216217,0.02702702702702703,0.05405405405405406,0.04864864864864865,0.03783783783783784
0.0,0.0,0.0,0.0,0.0,0.0,0.0,0.0,0.0,0.14285714285714285
0.0,0.16666666666666666,0.0,0.08333333333333333,0.16666666666666666,0.0,0.08333333333333333,0.08333333333333333,0.25,0.0
0.1111111111111111,0.1111111111111111,0.0,0.2222222222222222,0.1111111111111111,0.1111111111111111,0.0,0.1111111111111111,0.1111111111111111,0.1111111111111111
0.0,0.037037037037037035,0.0,0.012345679012345678,0.024691358024691357,0.006172839506172839,0.018518518518518517,0.018518518518518517,0.043209876543209874,0.018518518518518517
0.019444444444444445,0.022222222222222223,0.013888888888888888,0.019444444444444445,0.025,0.008333333333333333,0.011111111111111112,0.022222222222222223,0.05277777777777778,0.027777777777777776
0.0,0.3333333333333333,0.0,0.16666666666666666,0.3333333333333333,0.0,0.16666666666666666,0.16666666666666666,0.3333333333333333,0.0
0.0,0.0,0.0,0.0,0.0,0.0,0.0,0.0,0.0,0.0
0.05,0.1,0.0,0.05,0.1,0.0,0.05,0.05,0.1,0.05
0.16666666666666666,0.3333333333333333,0.0,0.16666666666666666,0.3333333333333333,0.0,0.16666666666666666,0.16666666666666666,0.3333333333333333,0.16666666666666666
0.0,0.125,0.0,0.0,0.125,0.0,0.0,0.0625,0.125,0.0625
0.0,0.02702702702702703,0.013513513513513514,0.013513513513513514,0.02702702702702703,0.0,0.0,0.0,0.04054054054054054,0.013513513513513514
0.0,0.0,0.0,0.0,0.0,0.0,0.0,0.038461538461538464,0.038461538461538464,0.0
0.0030581039755351682,0.024464831804281346,0.0030581039755351682,0.012232415902140673,0.01529051987767584,0.009174311926605505,0.0061162079510703364,0.03058103975535168,0.045871559633027525,0.021406727828746176
0.034482758620689655,0.06896551724137931,0.0,0.04597701149425287,0.05747126436781609,0.011494252873563218,0.011494252873563218,0.034482758620689655,0.08045977011494253,0.034482758620689655
0.0,0.027777777777777776,0.0,0.0,0.0,0.027777777777777776,0.0,0.0,0.0,0.05555555555555555
0.0,0.0,0.0,0.0,0.0,0.0,0.0,0.0,0.0,0.0
0.0,0.023809523809523808,0.0,0.0,0.023809523809523808,0.0,0.0,0.0,0.047619047619047616,0.0
0.0,0.1111111111111111,0.0,0.0,0.0,0.0,0.1111111111111111,0.1111111111111111,0.1111111111111111,0.0
0.0,0.03125,0.0,0.09375,0.03125,0.03125,0.03125,0.0625,0.0625,0.03125
0.0,0.047619047619047616,0.0,0.0,0.047619047619047616,0.0,0.0,0.047619047619047616,0.07142857142857142,0.0
0.02564102564102564,0.1282051282051282,0.0,0.05128205128205128,0.10256410256410256,0.0,0.10256410256410256,0.1282051282051282,0.1282051282051282,0.02564102564102564
0.0,0.020833333333333332,0.0,0.0,0.03125,0.0,0.010416666666666666,0.020833333333333332,0.041666666666666664,0.0
0.0061162079510703364,0.01834862385321101,0.0,0.01529051987767584,0.01529051987767584,0.0030581039755351682,0.012232415902140673,0.03363914373088685,0.04892966360856269,0.01834862385321101
0.020202020202020204,0.020202020202020204,0.020202020202020204,0.010101010101010102,0.010101010101010102,0.010101010101010102,0.010101010101010102,0.04040404040404041,0.0707070707070707,0.030303030303030304
0.0024752475247524753,0.027227722772277228,0.007425742574257425,0.01485148514851485,0.017326732673267328,0.0024752475247524753,0.012376237623762377,0.027227722772277228,0.04207920792079208,0.012376237623762377
0.015625,0.015625,0.015625,0.0,0.015625,0.0,0.015625,0.015625,0.03125,0.03125
0.004966887417218543,0.033112582781456956,0.0033112582781456954,0.008278145695364239,0.03145695364238411,0.011589403973509934,0.011589403973509934,0.04966887417218543,0.0695364238410596,0.014900662251655629
0.0,0.5,0.0,0.0,0.5,0.0,0.0,0.0,0.5,0.0
0.0,0.02857142857142857,0.0,0.0,0.02857142857142857,0.0,0.014285714285714285,0.04285714285714286,0.05714285714285714,0.02857142857142857
0.012195121951219513,0.012195121951219513,0.012195121951219513,0.024390243902439025,0.012195121951219513,0.012195121951219513,0.0,0.0,0.024390243902439025,0.024390243902439025
0.0,0.0,0.0,0.0,0.0,0.0,0.0,0.03225806451612903,0.06451612903225806,0.0
0.0,0.125,0.0,0.0,0.0625,0.0,0.0,0.0,0.125,0.0
0.0,0.015873015873015872,0.0,0.0,0.015873015873015872,0.0,0.0,0.007936507936507936,0.04365079365079365,0.003968253968253968
0.008670520231213872,0.023121387283236993,0.005780346820809248,0.014450867052023121,0.017341040462427744,0.014450867052023121,0.008670520231213872,0.02023121387283237,0.04046242774566474,0.023121387283236993
0.0,0.0,0.0,0.0,0.038461538461538464,0.0,0.0,0.038461538461538464,0.07692307692307693,0.0
0.012403100775193798,0.020155038759689922,0.012403100775193798,0.013953488372093023,0.017054263565891473,0.012403100775193798,0.012403100775193798,0.031007751937984496,0.04961240310077519,0.021705426356589147
0.0,0.05,0.0,0.0,0.05,0.0,0.06666666666666667,0.08333333333333333,0.05,0.016666666666666666
0.015873015873015872,0.031746031746031744,0.0,0.031746031746031744,0.015873015873015872,0.015873015873015872,0.031746031746031744,0.047619047619047616,0.06349206349206349,0.031746031746031744
0.012213740458015267,0.025954198473282442,0.015267175572519083,0.016793893129770993,0.025954198473282442,0.010687022900763359,0.010687022900763359,0.0366412213740458,0.050381679389312976,0.022900763358778626
0.02040816326530612,0.08163265306122448,0.02040816326530612,0.04081632653061224,0.061224489795918366,0.04081632653061224,0.04081632653061224,0.02040816326530612,0.12244897959183673,0.02040816326530612
0.018867924528301886,0.03773584905660377,0.03773584905660377,0.0,0.018867924528301886,0.018867924528301886,0.0,0.03773584905660377,0.07547169811320754,0.03773584905660377
0.0,0.058823529411764705,0.0,0.0,0.058823529411764705,0.0,0.0,0.0,0.11764705882352941,0.0
0.0,0.125,0.0,0.0,0.25,0.0,0.0,0.0,0.25,0.0
0.0,0.125,0.0,0.08333333333333333,0.125,0.041666666666666664,0.041666666666666664,0.16666666666666666,0.16666666666666666,0.041666666666666664
0.0,0.2,0.0,0.2,0.2,0.0,0.0,0.0,0.2,0.0
0.0,0.06666666666666667,0.0,0.0,0.06666666666666667,0.0,0.0,0.06666666666666667,0.2,0.0
0.0038022813688212928,0.013307984790874524,0.0019011406844106464,0.011406844106463879,0.0076045627376425855,0.005703422053231939,0.005703422053231939,0.0076045627376425855,0.011406844106463879,0.024714828897338403
0.010327022375215147,0.025817555938037865,0.0017211703958691911,0.010327022375215147,0.020654044750430294,0.008605851979345954,0.012048192771084338,0.027538726333907058,0.03614457831325301,0.01549053356282272
0.00847457627118644,0.038135593220338986,0.00423728813559322,0.012711864406779662,0.0423728813559322,0.00847457627118644,0.025423728813559324,0.038135593220338986,0.05508474576271186,0.01694915254237288
0.0,0.038461538461538464,0.0,0.038461538461538464,0.038461538461538464,0.0,0.0,0.0,0.07692307692307693,0.0
0.0,0.1,0.0,0.0,0.1,0.0,0.0,0.0,0.1,0.0
0.015625,0.03125,0.015625,0.0078125,0.0390625,0.0234375,0.015625,0.0234375,0.0703125,0.0390625
0.020833333333333332,0.020833333333333332,0.020833333333333332,0.020833333333333332,0.03125,0.020833333333333332,0.010416666666666666,0.03125,0.041666666666666664,0.020833333333333332
0.0,0.16666666666666666,0.0,0.16666666666666666,0.16666666666666666,0.16666666666666666,0.16666666666666666,0.16666666666666666,0.16666666666666666,0.16666666666666666
0.02127659574468085,0.0,0.0,0.02127659574468085,0.0,0.02127659574468085,0.0,0.02127659574468085,0.02127659574468085,0.02127659574468085
0.01904761904761905,0.009523809523809525,0.009523809523809525,0.05714285714285714,0.0,0.01904761904761905,0.02857142857142857,0.02857142857142857,0.02857142857142857,0.01904761904761905
0.006641366223908918,0.022770398481973434,0.007590132827324478,0.016129032258064516,0.022770398481973434,0.010436432637571158,0.011385199240986717,0.031309297912713474,0.04364326375711575,0.018975332068311195
0.01090909090909091,0.02181818181818182,0.0,0.01090909090909091,0.02181818181818182,0.0036363636363636364,0.01818181818181818,0.03272727272727273,0.03636363636363636,0.01818181818181818
0.005917159763313609,0.05917159763313609,0.005917159763313609,0.01775147928994083,0.05325443786982249,0.005917159763313609,0.023668639053254437,0.023668639053254437,0.08875739644970414,0.011834319526627219
0.013921113689095127,0.025522041763341066,0.0069605568445475635,0.027842227378190254,0.02320185614849188,0.009280742459396751,0.02088167053364269,0.03944315545243619,0.06960556844547564,0.030162412993039442
0.0,0.020833333333333332,0.0,0.020833333333333332,0.041666666666666664,0.020833333333333332,0.020833333333333332,0.0625,0.08333333333333333,0.020833333333333332
0.018518518518518517,0.05555555555555555,0.009259259259259259,0.009259259259259259,0.046296296296296294,0.009259259259259259,0.018518518518518517,0.027777777777777776,0.08333333333333333,0.0
0.0,0.009259259259259259,0.0,0.0,0.027777777777777776,0.009259259259259259,0.009259259259259259,0.009259259259259259,0.046296296296296294,0.0
0.0,0.6666666666666666,0.0,0.0,0.6666666666666666,0.0,0.3333333333333333,0.3333333333333333,0.6666666666666666,0.0
0.01016260162601626,0.03861788617886179,0.0040650406504065045,0.012195121951219513,0.024390243902439025,0.008130081300813009,0.01016260162601626,0.034552845528455285,0.0508130081300813,0.026422764227642278
0.023255813953488372,0.11627906976744186,0.023255813953488372,0.023255813953488372,0.11627906976744186,0.023255813953488372,0.046511627906976744,0.09302325581395349,0.13953488372093023,0.023255813953488372
0.02054794520547945,0.02054794520547945,0.00684931506849315,0.02054794520547945,0.02054794520547945,0.00684931506849315,0.02054794520547945,0.0136986301369863,0.03424657534246575,0.03424657534246575
0.10526315789473684,0.0,0.10526315789473684,0.10526315789473684,0.05263157894736842,0.10526315789473684,0.0,0.10526315789473684,0.05263157894736842,0.05263157894736842
0.0,0.018867924528301886,0.0,0.018867924528301886,0.018867924528301886,0.018867924528301886,0.0,0.018867924528301886,0.018867924528301886,0.018867924528301886
0.0,0.2,0.0,0.0,0.0,0.0,0.0,0.2,0.2,0.0
0.006493506493506494,0.01948051948051948,0.0,0.025974025974025976,0.012987012987012988,0.006493506493506494,0.006493506493506494,0.01948051948051948,0.01948051948051948,0.025974025974025976
0.009852216748768473,0.024630541871921183,0.0,0.009852216748768473,0.019704433497536946,0.014778325123152709,0.0049261083743842365,0.024630541871921183,0.03940886699507389,0.029556650246305417
0.0,0.058823529411764705,0.0,0.0,0.058823529411764705,0.0,0.0,0.0,0.058823529411764705,0.0
0.0031847133757961785,0.028662420382165606,0.0021231422505307855,0.008492569002123142,0.02335456475583864,0.0031847133757961785,0.018046709129511677,0.036093418259023353,0.04246284501061571,0.008492569002123142
0.0,0.08333333333333333,0.0,0.0,0.16666666666666666,0.0,0.0,0.0,0.16666666666666666,0.08333333333333333
0.0,0.0,0.0,0.0,0.0,0.0,0.0,0.0,0.0,0.0
0.0,0.05263157894736842,0.0,0.0,0.05263157894736842,0.0,0.0,0.0,0.05263157894736842,0.0
0.0,0.1111111111111111,0.0,0.0,0.1111111111111111,0.0,0.1111111111111111,0.1111111111111111,0.1111111111111111,0.0
0.0,0.25,0.0,0.08333333333333333,0.25,0.0,0.08333333333333333,0.16666666666666666,0.25,0.0
0.0,0.047619047619047616,0.0,0.0,0.047619047619047616,0.023809523809523808,0.047619047619047616,0.023809523809523808,0.047619047619047616,0.0
0.003205128205128205,0.01282051282051282,0.0,0.00641025641025641,0.00641025641025641,0.009615384615384616,0.009615384615384616,0.028846153846153848,0.04807692307692308,0.019230769230769232
0.009259259259259259,0.037037037037037035,0.009259259259259259,0.009259259259259259,0.037037037037037035,0.009259259259259259,0.037037037037037035,0.046296296296296294,0.05555555555555555,0.018518518518518517
0.0,0.0,0.0,0.0,0.0,0.0,0.0,0.0,0.5,0.0
0.0,0.04838709677419355,0.0,0.016129032258064516,0.04838709677419355,0.0,0.03225806451612903,0.06451612903225806,0.11290322580645161,0.0
0.0,0.029850746268656716,0.014925373134328358,0.029850746268656716,0.029850746268656716,0.0,0.0,0.014925373134328358,0.07462686567164178,0.014925373134328358
0.004838709677419355,0.03225806451612903,0.0064516129032258064,0.00967741935483871,0.025806451612903226,0.008064516129032258,0.025806451612903226,0.03225806451612903,0.05,0.017741935483870968
0.020833333333333332,0.0,0.0,0.0,0.020833333333333332,0.020833333333333332,0.0,0.041666666666666664,0.0625,0.041666666666666664
0.006482982171799027,0.03241491085899514,0.006482982171799027,0.019448946515397084,0.03241491085899514,0.011345218800648298,0.019448946515397084,0.03079416531604538,0.06320907617504051,0.022690437601296597
0.022900763358778626,0.022900763358778626,0.0,0.03816793893129771,0.022900763358778626,0.0,0.022900763358778626,0.030534351145038167,0.04580152671755725,0.022900763358778626
0.015317286652078774,0.030634573304157548,0.002188183807439825,0.0175054704595186,0.0262582056892779,0.0087527352297593,0.01312910284463895,0.03282275711159737,0.05032822757111598,0.028446389496717725
0.0,0.06666666666666667,0.0,0.0,0.06666666666666667,0.0,0.0,0.06666666666666667,0.06666666666666667,0.0
0.007194244604316547,0.014388489208633094,0.007194244604316547,0.014388489208633094,0.014388489208633094,0.0,0.007194244604316547,0.03597122302158273,0.04316546762589928,0.02877697841726619
0.0,0.16666666666666666,0.0,0.0,0.16666666666666666,0.0,0.0,0.0,0.16666666666666666,0.0
0.0,0.06944444444444445,0.0,0.0,0.06944444444444445,0.0,0.041666666666666664,0.05555555555555555,0.09722222222222222,0.0
0.011363636363636364,0.036931818181818184,0.005681818181818182,0.011363636363636364,0.03409090909090909,0.005681818181818182,0.02556818181818182,0.03409090909090909,0.05113636363636364,0.017045454545454544
0.0,0.0,0.0,0.0,0.0,0.0,0.0,0.0,0.0,0.0
0.0,0.034482758620689655,0.0,0.06896551724137931,0.034482758620689655,0.0,0.0,0.034482758620689655,0.10344827586206896,0.0
0.08333333333333333,0.16666666666666666,0.08333333333333333,0.08333333333333333,0.16666666666666666,0.08333333333333333,0.08333333333333333,0.08333333333333333,0.16666666666666666,0.08333333333333333
0.009433962264150943,0.02830188679245283,0.009433962264150943,0.02358490566037736,0.018867924528301886,0.018867924528301886,0.014150943396226415,0.02830188679245283,0.04716981132075472,0.02358490566037736
0.01639344262295082,0.012295081967213115,0.0,0.01639344262295082,0.004098360655737705,0.01639344262295082,0.00819672131147541,0.020491803278688523,0.03278688524590164,0.03278688524590164
0.0,0.03076923076923077,0.0,0.0,0.015384615384615385,0.0,0.0,0.046153846153846156,0.06153846153846154,0.0
0.008064516129032258,0.016129032258064516,0.0,0.016129032258064516,0.024193548387096774,0.008064516129032258,0.024193548387096774,0.024193548387096774,0.04838709677419355,0.024193548387096774
0.006993006993006993,0.06293706293706294,0.006993006993006993,0.013986013986013986,0.04895104895104895,0.006993006993006993,0.027972027972027972,0.04195804195804196,0.06993006993006994,0.013986013986013986
0.014164305949008499,0.019830028328611898,0.0113314447592068,0.0169971671388102,0.019830028328611898,0.014164305949008499,0.0084985835694051,0.0169971671388102,0.039660056657223795,0.031161473087818695
0.02702702702702703,0.036036036036036036,0.0,0.05405405405405406,0.04504504504504504,0.009009009009009009,0.018018018018018018,0.036036036036036036,0.05405405405405406,0.036036036036036036
0.009615384615384616,0.04807692307692308,0.009615384615384616,0.028846153846153848,0.04807692307692308,0.009615384615384616,0.038461538461538464,0.057692307692307696,0.0673076923076923,0.0
0.03225806451612903,0.12903225806451613,0.03225806451612903,0.0,0.0967741935483871,0.0,0.0967741935483871,0.0967741935483871,0.0967741935483871,0.06451612903225806
0.0,0.06329113924050633,0.0,0.012658227848101266,0.0379746835443038,0.012658227848101266,0.02531645569620253,0.06329113924050633,0.0759493670886076,0.012658227848101266
0.0,0.0,0.0,0.0,0.0,0.0,0.0,0.0,0.058823529411764705,0.0
0.025,0.0,0.0,0.0,0.0,0.0,0.0,0.025,0.025,0.025
0.022123893805309734,0.048672566371681415,0.01327433628318584,0.01327433628318584,0.030973451327433628,0.008849557522123894,0.008849557522123894,0.04424778761061947,0.05309734513274336,0.017699115044247787
0.043478260869565216,0.08695652173913043,0.08695652173913043,0.13043478260869565,0.08695652173913043,0.08695652173913043,0.043478260869565216,0.08695652173913043,0.08695652173913043,0.08695652173913043
0.0,0.04285714285714286,0.0,0.014285714285714285,0.02857142857142857,0.0,0.014285714285714285,0.014285714285714285,0.02857142857142857,0.007142857142857143
0.0,0.5,0.0,0.0,0.5,0.0,0.5,0.5,0.5,0.0
0.0,0.0,0.0,0.0,0.05555555555555555,0.0,0.0,0.05555555555555555,0.05555555555555555,0.0
